Date,Close,Volume,Daily_Return_pct,article_count,mean_sentiment,positive_count,negative_count
2023-01-03,108.0999984741211,231402800,,3.0,-0.32316933075586957,0.0,1.0
2023-01-04,113.63999938964844,180389000,5.124885285593783,2.0,-0.5556632280349731,0.0,2.0
2023-01-05,110.33999633789062,157986300,-2.9039097760312105,2.0,-0.7985467612743378,0.0,2.0
2023-01-06,113.05999755859375,220911100,2.4651090365942707,2.0,-0.38583895564079285,0.0,1.0
2023-01-09,119.7699966430664,190284000,5.9349011404278285,3.0,-0.2965937654177348,0.0,1.0
2023-01-10,118.8499984741211,167642500,-0.7681374256751861,2.0,-0.005551248788833618,1.0,1.0
2023-01-11,123.22000122070312,183810800,3.6769060182475055,2.0,-0.27702271938323975,0.0,1.0
2023-01-12,123.55999755859375,169400900,0.27592625752506095,1.0,0.0,0.0,0.0
2023-01-13,122.4000015258789,180714100,-0.9388119582672827,2.0,-0.9610194265842438,0.0,2.0
2023-01-17,131.49000549316406,186477000,7.426473736900463,3.0,0.0,0.0,0.0
2023-01-18,128.77999877929688,195680300,-2.0609982513142944,3.0,-0.6308616995811462,0.0,2.0
2023-01-19,127.16999816894531,170291900,-1.2501946153228194,3.0,-0.2901804248491923,0.0,1.0
2023-01-20,133.4199981689453,138858100,4.91468120625187,1.0,0.0,0.0,0.0
2023-01-23,143.75,203119200,7.742468874848996,3.0,-0.1721610426902771,0.0,1.0
2023-01-24,143.88999938964844,158699100,0.09739087975544347,1.0,0.0,0.0,0.0
2023-01-25,144.42999267578125,192734300,0.3752820129427681,3.0,0.5818382898966471,2.0,0.0
2023-01-26,160.27000427246094,234815100,10.967259156647335,2.0,0.3740916848182678,1.0,0.0
2023-01-27,177.89999389648438,306590600,11.000180416824756,1.0,-0.7344281077384949,0.0,1.0
2023-01-30,166.66000366210938,230878800,-6.318150994943417,3.0,0.19596179326375326,1.0,0.0
2023-01-31,173.22000122070312,196813500,3.9361558949042363,3.0,-0.3156825105349223,0.0,1.0
2023-02-01,181.41000366210938,213806300,4.7280928205116535,1.0,-0.9354658722877502,0.0,1.0
2023-02-02,188.27000427246094,217448300,3.7814897039133877,3.0,-0.6980622013409933,0.0,3.0
2023-02-03,189.97999572753906,232662000,0.9082654784473565,1.0,-0.8034854531288147,0.0,1.0
2023-02-06,194.75999450683594,186188100,2.516053735548107,3.0,0.0,0.0,0.0
2023-02-07,196.80999755859375,186010300,1.0525791279409002,1.0,0.7317602634429932,1.0,0.0
2023-02-08,201.2899932861328,180673600,2.2763049555982517,2.0,0.4273994266986847,1.0,0.0
2023-02-09,207.32000732421875,215431400,2.995684951667865,2.0,0.0,0.0,0.0
2023-02-10,196.88999938964844,204754100,-5.030873801899527,1.0,0.0,0.0,0.0
2023-02-13,194.63999938964844,172475500,-1.1427700782035255,3.0,0.0,0.0,0.0
2023-02-14,209.25,216455700,7.50616556523096,3.0,0.277121623357137,1.0,0.0
2023-02-15,214.24000549316406,181006400,2.384709913101113,0.0,0.0,0.0,0.0
2023-02-16,202.0399932861328,229586500,-5.694553722096751,3.0,-0.37329880396525067,1.0,2.0
2023-02-17,208.30999755859375,213738500,3.1033480898909227,2.0,0.0,0.0,0.0
2023-02-21,197.3699951171875,180018600,-5.251789433835996,3.0,0.0,0.0,0.0
2023-02-22,200.86000061035156,191828500,1.7682553475729224,1.0,0.0,0.0,0.0
2023-02-23,202.07000732421875,146360000,0.6024129792842503,2.0,-0.43350550532341003,0.0,1.0
2023-02-24,196.8800048828125,142228100,-2.5684180003413215,0.0,0.0,0.0,0.0
2023-02-27,207.6300048828125,161028300,5.46017865369246,3.0,0.17538889249165854,1.0,0.0
2023-02-28,205.7100067138672,153144900,-0.9247209573726933,1.0,0.6629412770271301,1.0,0.0
2023-03-01,202.77000427246094,156852800,-1.4291975817664837,2.0,0.12888294458389282,1.0,1.0
2023-03-02,190.89999389648438,181500700,-5.853928157947319,2.0,0.0,0.0,0.0
2023-03-03,197.7899932861328,154193300,3.6092192823141467,2.0,-0.4372875690460205,0.0,1.0
2023-03-06,193.80999755859375,128100100,-2.0122331071529054,3.0,-0.3078254858652751,0.0,1.0
2023-03-07,187.7100067138672,148125800,-3.147407730028162,2.0,-0.4540071189403534,0.0,1.0
2023-03-08,182.0,151897800,-3.041929843714275,1.0,0.0,0.0,0.0
2023-03-09,172.9199981689453,170023800,-4.989011995084991,2.0,0.0,0.0,0.0
2023-03-10,173.44000244140625,191488900,0.30071956856769777,2.0,0.0,0.0,0.0
2023-03-13,174.47999572753906,167790300,0.5996271168666301,3.0,0.0,0.0,0.0
2023-03-14,183.25999450683594,143717900,5.0320947926932424,2.0,0.0,0.0,0.0
2023-03-15,180.4499969482422,145995600,-1.5333393227232373,1.0,0.0,0.0,0.0
2023-03-16,184.1300048828125,121136800,2.0393505108375454,2.0,-0.4534033238887787,0.0,1.0
2023-03-17,180.1300048828125,133197100,-2.172378153438792,1.0,0.0,0.0,0.0
2023-03-20,183.25,129684400,1.7320796272765726,3.0,0.0,0.0,0.0
2023-03-21,197.5800018310547,153391400,7.8199191438224736,1.0,0.0,0.0,0.0
2023-03-22,191.14999389648438,150376400,-3.254381959196684,3.0,-0.6087287465731303,0.0,2.0
2023-03-23,192.22000122070312,144193900,0.5597736638161876,2.0,0.0,0.0,0.0
2023-03-24,190.41000366210938,116312400,-0.9416281069083654,3.0,-0.3117549618085225,0.0,1.0
2023-03-27,191.80999755859375,120851600,0.7352522816861606,3.0,-0.12575153509775797,1.0,1.0
2023-03-28,189.19000244140625,98654600,-1.3659325116185062,2.0,0.08592832088470459,1.0,1.0
2023-03-29,193.8800048828125,123660000,2.4789906342217005,2.0,0.0,0.0,0.0
2023-03-30,195.27999877929688,110252200,0.7220929756684091,2.0,-0.3695715069770813,0.0,1.0
2023-03-31,207.4600067138672,170222100,6.237201971890638,1.0,-0.5846393704414368,0.0,1.0
2023-04-03,194.77000427246094,169545900,-6.116842779682619,3.0,0.26764994859695435,1.0,0.0
2023-04-04,192.5800018310547,126463800,-1.1244043709844997,1.0,0.0,0.0,0.0
2023-04-05,185.52000427246094,133882500,-3.6660076287605925,3.0,-0.2604687213897705,0.0,1.0
2023-04-06,185.05999755859375,123857900,-0.2479553165553039,1.0,0.0,0.0,0.0
2023-04-10,184.50999450683594,142154600,-0.29720256079851515,3.0,-0.1326617399851481,1.0,1.0
2023-04-11,186.7899932861328,115770900,1.2357047570192181,3.0,-0.25977404912312824,1.0,2.0
2023-04-12,180.5399932861328,150256300,-3.3460036536464677,0.0,0.0,0.0,0.0
2023-04-13,185.89999389648438,112933000,2.9688716127604264,3.0,-0.5213342706362406,0.0,2.0
2023-04-14,185.0,96438700,-0.4841279860318459,1.0,0.6461721658706665,1.0,0.0
2023-04-17,187.0399932861328,116662200,1.1026990735853115,3.0,-0.3118856151898702,0.0,1.0
2023-04-18,184.30999755859375,92067000,-1.4595786064655836,2.0,-0.8844729363918304,0.0,2.0
2023-04-19,180.58999633789062,125732700,-2.0183393575926356,1.0,-0.9526070356369019,0.0,1.0
2023-04-20,162.99000549316406,210970800,-9.745828230593856,2.0,-0.946927547454834,0.0,2.0
2023-04-21,165.0800018310547,123539000,1.2822849668400638,1.0,-0.9167925715446472,0.0,1.0
2023-04-24,162.5500030517578,140006600,-1.5325895028073244,3.0,-0.7798759341239929,0.0,3.0
2023-04-25,160.6699981689453,121999300,-1.1565701922588656,2.0,-0.41110074520111084,0.0,1.0
2023-04-26,153.75,153364100,-4.306963495243776,1.0,0.0,0.0,0.0
2023-04-27,160.19000244140625,127015200,4.1886194740853755,2.0,0.27878138422966003,1.0,0.0
2023-04-28,164.30999755859375,122515800,2.5719427270091355,3.0,0.0,0.0,0.0
2023-05-01,161.8300018310547,109015000,-1.509339519437758,3.0,-0.1634275714556376,0.0,1.0
2023-05-02,160.30999755859375,128259700,-0.939259874721976,3.0,-0.2988646626472473,0.0,1.0
2023-05-03,160.61000061035156,119728000,0.18713932775662467,2.0,-0.44532477855682373,0.0,1.0
2023-05-04,161.1999969482422,95108500,0.3673471985857102,2.0,-0.47628772258758545,0.0,1.0
2023-05-05,170.05999755859375,107607300,5.496278398315546,2.0,0.40638378262519836,1.0,0.0
2023-05-08,171.7899932861328,112249400,1.0172855182730478,3.0,0.0,0.0,0.0
2023-05-09,169.14999389648438,88965000,-1.5367597024416146,3.0,0.19056729475657144,1.0,0.0
2023-05-10,168.5399932861328,119840700,-0.36062703657255835,2.0,-0.24910837411880493,0.0,1.0
2023-05-11,172.0800018310547,103889900,2.1003967520705658,2.0,-0.286655992269516,0.0,1.0
2023-05-12,167.97999572753906,157849600,-2.3826162598143963,1.0,0.653956949710846,1.0,0.0
2023-05-15,166.35000610351562,105592500,-0.9703474612936969,3.0,-0.5811785459518433,0.0,2.0
2023-05-16,166.52000427246094,98288800,0.1021930644472091,2.0,-0.23389917612075806,0.0,1.0
2023-05-17,173.86000061035156,125473600,4.407876621166107,2.0,0.0,0.0,0.0
2023-05-18,176.88999938964844,109520300,1.742780840135616,1.0,-0.639727771282196,0.0,1.0
2023-05-19,180.13999938964844,136196700,1.8373000232992265,2.0,0.4166615605354309,1.0,0.0
2023-05-22,188.8699951171875,132001400,4.846228354123516,3.0,0.0,0.0,0.0
2023-05-23,185.77000427246094,156952100,-1.641335799687571,1.0,0.0,0.0,0.0
2023-05-24,182.89999389648438,137605100,-1.54492668890035,2.0,0.32327067852020264,1.0,0.0
2023-05-25,184.47000122070312,96870700,0.8583965973816943,2.0,-0.4602593779563904,0.0,1.0
2023-05-26,193.1699981689453,162061500,4.7162123329924865,2.0,0.0,0.0,0.0
2023-05-30,201.16000366210938,128818700,4.136255924264209,3.0,0.0,0.0,0.0
2023-05-31,203.92999267578125,150711700,1.3770078361723614,1.0,0.5691119432449341,1.0,0.0
2023-06-01,207.52000427246094,148029900,1.7604137329555458,2.0,0.0,0.0,0.0
2023-06-02,213.97000122070312,164398400,3.1081326211682914,2.0,-0.2540639638900757,0.0,1.0
2023-06-05,217.61000061035156,151143100,1.7011727666879306,3.0,0.16738941272099814,1.0,0.0
2023-06-06,221.30999755859375,146911600,1.7002881015874438,2.0,0.0,0.0,0.0
2023-06-07,224.57000732421875,185710800,1.4730512862447087,2.0,0.0,0.0,0.0
2023-06-08,234.86000061035156,164489700,4.582087077762265,2.0,-0.4680863320827484,0.0,1.0
2023-06-09,244.39999389648438,200242400,4.06199151040636,1.0,-0.6357967257499695,0.0,1.0
2023-06-12,249.8300018310547,150337900,2.221770896144215,3.0,0.0,0.0,0.0
2023-06-13,258.7099914550781,162384300,3.5544128242966044,3.0,-0.29493192831675213,0.0,1.0
2023-06-14,256.7900085449219,170575500,-0.7421371317580694,3.0,-0.582442839940389,0.0,2.0
2023-06-15,255.89999389648438,160171200,-0.34659239799892383,1.0,0.0,0.0,0.0
2023-06-16,260.5400085449219,167915600,1.813214052015355,2.0,0.0,0.0,0.0
2023-06-20,274.45001220703125,165611200,5.338912722001776,3.0,0.0,0.0,0.0
2023-06-21,259.4599914550781,211797100,-5.46184007477668,1.0,0.0,0.0,0.0
2023-06-22,264.6099853515625,166875900,1.9848894111198723,3.0,0.0,0.0,0.0
2023-06-23,256.6000061035156,177460800,-3.027088806722378,2.0,0.0,0.0,0.0
2023-06-26,241.0500030517578,179990600,-6.060016633625775,3.0,-0.3048507571220398,0.0,1.0
2023-06-27,250.2100067138672,164968200,3.8000429562917493,2.0,0.0,0.0,0.0
2023-06-28,256.239990234375,159770800,2.40996896954786,3.0,-0.2202567458152771,0.0,1.0
2023-06-29,257.5,131283400,0.49173033626503937,2.0,0.0,0.0,0.0
2023-06-30,261.7699890136719,112620800,1.6582481606492783,1.0,0.0,0.0,0.0
2023-07-03,279.82000732421875,119685900,6.895373445427366,3.0,0.6130763490994772,2.0,0.0
2023-07-05,282.4800109863281,131530900,0.9506123909958086,2.0,-0.47214895486831665,0.0,1.0
2023-07-06,276.5400085449219,120332100,-2.1028045208104085,1.0,-0.937804639339447,0.0,1.0
2023-07-07,274.42999267578125,113879200,-0.7630056425625198,2.0,0.2852833569049835,1.0,0.0
2023-07-10,269.6099853515625,119425400,-1.7563704598109409,3.0,0.0,0.0,0.0
2023-07-11,269.7900085449219,91972400,0.0667717084456676,3.0,0.0,0.0,0.0
2023-07-12,271.989990234375,95672100,0.8154422401772665,1.0,0.0,0.0,0.0
2023-07-13,277.8999938964844,112681500,2.172875427149612,2.0,0.0,0.0,0.0
2023-07-14,281.3800048828125,120062400,1.2522529912772917,3.0,-0.324679970741272,0.0,1.0
2023-07-17,290.3800048828125,131569600,3.1985215167468217,3.0,0.007319211959838867,1.0,1.0
2023-07-18,293.3399963378906,112120300,1.0193509901870401,2.0,-0.8387800455093384,0.0,2.0
2023-07-19,291.260009765625,142355400,-0.7090702250741598,2.0,-0.478960782289505,0.0,1.0
2023-07-20,262.8999938964844,175158300,-9.737009860008495,2.0,-0.3435438275337219,0.0,1.0
2023-07-21,260.0199890136719,161796100,-1.0954754468143868,2.0,-0.3570294976234436,0.0,1.0
2023-07-24,269.05999755859375,136508500,3.476659075024635,3.0,0.0,0.0,0.0
2023-07-25,265.2799987792969,112757300,-1.4048906614123058,3.0,0.2821801503499349,1.0,0.0
2023-07-26,264.3500061035156,95856200,-0.35057022016762307,2.0,-0.781047523021698,0.0,2.0
2023-07-27,255.7100067138672,103697300,-3.2683938680391544,1.0,-0.5010863542556763,0.0,1.0
2023-07-28,266.44000244140625,111446000,4.196157931177735,3.0,-0.30388806263605755,0.0,1.0
2023-07-31,267.42999267578125,84582200,0.371562162326855,3.0,-0.30455221732457477,0.0,1.0
2023-08-01,261.07000732421875,83166000,-2.3781870118334214,1.0,0.0,0.0,0.0
2023-08-02,254.11000061035156,101752900,-2.665954157355066,2.0,0.32455363869667053,1.0,0.0
2023-08-03,259.32000732421875,97569100,2.0502958173047814,1.0,0.5932967066764832,1.0,0.0
2023-08-04,253.86000061035156,99539900,-2.105509239416581,3.0,-0.18096969525019327,0.0,1.0
2023-08-07,251.4499969482422,111097900,-0.9493435973824349,3.0,0.0,0.0,0.0
2023-08-08,249.6999969482422,96642200,-0.6959634206558429,2.0,0.0,0.0,0.0
2023-08-09,242.19000244140625,101596300,-3.007606967809695,2.0,0.0,0.0,0.0
2023-08-10,245.33999633789062,109498600,1.3006292021680244,2.0,0.0,0.0,0.0
2023-08-11,242.64999389648438,99038600,-1.096438608281991,1.0,0.0,0.0,0.0
2023-08-14,239.75999450683594,98595300,-1.1910156448968756,3.0,0.2802268664042155,1.0,0.0
2023-08-15,232.9600067138672,88197600,-2.8361644764614224,3.0,0.0,0.0,0.0
2023-08-16,225.60000610351562,112484500,-3.159340830287438,2.0,0.0,0.0,0.0
2023-08-17,219.22000122070312,120718400,-2.828016272253586,2.0,0.0,0.0,0.0
2023-08-18,215.49000549316406,136276600,-1.7014851321818125,1.0,-0.7064669132232666,0.0,1.0
2023-08-21,231.27999877929688,135702700,7.3274828918382,3.0,-0.1997430920600891,0.0,1.0
2023-08-22,233.19000244140625,130442800,0.8258403978685713,3.0,0.19930464029312134,1.0,0.0
2023-08-23,236.86000061035156,101077600,1.573823118710882,3.0,0.5389848550160726,2.0,0.0
2023-08-24,230.0399932861328,99777400,-2.879341090367582,0.0,0.0,0.0,0.0
2023-08-25,238.58999633789062,106612200,3.7167463490241914,3.0,-0.22559773921966553,0.0,1.0
2023-08-28,238.82000732421875,107673700,0.09640428763089126,3.0,-0.28821595509847003,0.0,1.0
2023-08-29,257.17999267578125,134047600,7.687791972402569,3.0,-0.21683772404988608,0.0,1.0
2023-08-30,256.8999938964844,121988400,-0.10887269121663268,3.0,0.0,0.0,0.0
2023-08-31,258.0799865722656,108861700,0.4593198535678855,0.0,0.0,0.0,0.0
2023-09-01,245.00999450683594,132541600,-5.064318329763218,3.0,0.047295173009236656,2.0,1.0
2023-09-05,256.489990234375,129469600,4.6855214011356505,3.0,0.0,0.0,0.0
2023-09-06,251.9199981689453,116959800,-1.7817428513501543,1.0,0.0,0.0,0.0
2023-09-07,251.49000549316406,115312900,-0.17068620153485314,2.0,-0.46073153614997864,0.0,1.0
2023-09-08,248.5,118367700,-1.188916230408743,2.0,0.0,0.0,0.0
2023-09-11,273.5799865722656,174667900,10.092549928477123,3.0,0.011892855167388916,1.0,1.0
2023-09-12,267.4800109863281,135999900,-2.229686338670178,2.0,0.0,0.0,0.0
2023-09-13,271.29998779296875,111673700,1.4281354305895722,2.0,0.0,0.0,0.0
2023-09-14,276.0400085449219,107709800,1.7471511114000693,1.0,-0.5582973957061768,0.0,1.0
2023-09-15,274.3900146484375,133692300,-0.5977372284481253,3.0,-0.2000115911165873,0.0,1.0
2023-09-18,265.2799987792969,101543300,-3.3200974462619715,3.0,-0.29720181226730347,0.0,1.0
2023-09-19,266.5,103704000,0.45989189773711914,2.0,0.0,0.0,0.0
2023-09-20,262.5899963378906,122514600,-1.4671683535119606,2.0,0.2546843886375427,1.0,0.0
2023-09-21,255.6999969482422,119951500,-2.6238620989897266,2.0,0.35397183895111084,1.0,0.0
2023-09-22,244.8800048828125,127524100,-4.231518261464751,1.0,0.0,0.0,0.0
2023-09-25,246.99000549316406,104636600,0.8616467528091087,3.0,0.0,0.0,0.0
2023-09-26,244.1199951171875,101993600,-1.161994539109401,1.0,0.0,0.0,0.0
2023-09-27,240.5,136597200,-1.4828753029631048,3.0,-0.2765205502510071,0.0,1.0
2023-09-28,246.3800048828125,117058900,2.444908475181906,0.0,0.0,0.0,0.0
2023-09-29,250.22000122070312,128522700,1.5585665483353939,3.0,-0.5939743916193644,0.0,2.0
2023-10-02,251.60000610351562,123810400,0.5515166158101437,3.0,0.0,0.0,0.0
2023-10-03,246.52999877929688,101985300,-2.0151062008054166,3.0,-0.19615103801091513,1.0,2.0
2023-10-04,261.1600036621094,129721600,5.934371052307452,1.0,-0.889449417591095,0.0,1.0
2023-10-05,260.04998779296875,119159200,-0.42503287393760303,2.0,0.0,0.0,0.0
2023-10-06,260.5299987792969,118121800,0.1845841218459432,2.0,-0.4069362282752991,0.0,1.0
2023-10-09,259.6700134277344,101377900,-0.3300907210654902,3.0,-0.3160727818806966,0.0,1.0
2023-10-10,263.6199951171875,122656000,1.5211543440507347,2.0,-0.25167012214660645,0.0,1.0
2023-10-11,262.989990234375,103706300,-0.2389822071472425,2.0,0.0,0.0,0.0
2023-10-12,258.8699951171875,111508100,-1.5665976919941982,2.0,0.0,0.0,0.0
2023-10-13,251.1199951171875,102073800,-2.993780718577166,1.0,0.6390765309333801,1.0,0.0
2023-10-16,253.9199981689453,88917200,1.115006015531006,3.0,0.0,0.0,0.0
2023-10-17,254.85000610351562,93562900,0.36626021631882555,3.0,-0.6001255114873251,0.0,2.0
2023-10-18,242.67999267578125,125147800,-4.775363208267347,2.0,-0.956231027841568,0.0,2.0
2023-10-19,220.11000061035156,170772700,-9.300310180733785,1.0,-0.8632275462150574,0.0,1.0
2023-10-20,211.99000549316406,138010100,-3.6890623300491754,3.0,-0.5956201752026876,0.0,2.0
2023-10-23,212.0800018310547,150683400,0.04245310418349302,3.0,-0.32437944412231445,0.0,1.0
2023-10-24,216.52000427246094,118231100,2.093550737020089,3.0,-0.29187772671381634,0.0,1.0
2023-10-25,212.4199981689453,107065100,-1.8935922882932887,2.0,-0.48127833008766174,0.0,1.0
2023-10-26,205.75999450683594,115112600,-3.1352997455599385,2.0,-0.08426448702812195,1.0,1.0
2023-10-27,207.3000030517578,94881200,0.748448962886572,1.0,0.0,0.0,0.0
2023-10-30,197.36000061035156,136448200,-4.794984223383958,3.0,-0.6389129559199015,0.0,2.0
2023-10-31,200.83999633789062,118068300,1.7632730628176496,1.0,0.5952559113502502,1.0,0.0
2023-11-01,205.66000366210938,121661700,2.3999240251476817,2.0,-0.430362343788147,0.0,1.0
2023-11-02,218.50999450683594,125987600,6.248172039245192,2.0,-0.4601745903491974,0.0,1.0
2023-11-03,219.9600067138672,119534800,0.6635907937775798,1.0,0.0,0.0,0.0
2023-11-06,219.27000427246094,117335800,-0.31369449915676917,3.0,0.19484768311182657,1.0,0.0
2023-11-07,222.17999267578125,116900100,1.3271256198382764,2.0,0.0,0.0,0.0
2023-11-08,222.11000061035156,106584800,-0.031502415940676265,2.0,-0.475741982460022,0.0,1.0
2023-11-09,209.97999572753906,142110500,-5.461260118625733,1.0,-0.8307788372039795,0.0,1.0
2023-11-10,214.64999389648438,130994000,2.2240205086035525,2.0,0.0,0.0,0.0
2023-11-13,223.7100067138672,140447600,4.220830689495392,3.0,0.19187190135320029,1.0,0.0
2023-11-14,237.41000366210938,149771600,6.123998273248876,3.0,0.22490912675857544,1.0,0.0
2023-11-15,242.83999633789062,150354000,2.2871793909364557,3.0,-0.2624167998631795,0.0,1.0
2023-11-16,233.58999633789062,136816800,-3.8090924639652135,1.0,-0.9414372444152832,0.0,1.0
2023-11-17,234.3000030517578,142532800,0.3039542467564216,2.0,-0.47339871525764465,0.0,1.0
2023-11-20,235.60000610351562,116320100,0.5548455120893081,3.0,-0.46313414971033734,0.0,2.0
2023-11-21,241.1999969482422,122288000,2.3769060694616817,3.0,-0.34990423917770386,0.0,2.0
2023-11-22,234.2100067138672,117950600,-2.8980059381488954,2.0,-0.8550196588039398,0.0,2.0
2023-11-24,235.4499969482422,65125200,0.529435207219775,3.0,-0.8386682271957397,0.0,3.0
2023-11-27,236.0800018310547,112031800,0.26757481035388775,3.0,0.0,0.0,0.0
2023-11-28,246.72000122070312,148549900,4.506946504203557,1.0,-0.6841310262680054,0.0,1.0
2023-11-29,244.13999938964844,135401300,-1.0457205813430348,3.0,-0.5001783569653829,0.0,2.0
2023-11-30,240.0800018310547,132353200,-1.6629792613843564,1.0,0.0,0.0,0.0
2023-12-01,238.8300018310547,121331700,-0.5206597761023168,3.0,-0.18716434637705484,0.0,1.0
2023-12-04,235.5800018310547,104099800,-1.360800559009756,3.0,-0.2944675882657369,0.0,1.0
2023-12-05,238.72000122070312,137971100,1.3328802806870987,2.0,0.0,0.0,0.0
2023-12-06,239.3699951171875,126436200,0.2722829646282676,2.0,-0.30462294816970825,0.0,1.0
2023-12-07,242.63999938964844,107142300,1.366087788429815,1.0,0.0,0.0,0.0
2023-12-08,243.83999633789062,103126800,0.49455858525417895,2.0,-0.43231943249702454,0.0,1.0
2023-12-11,239.74000549316406,97913900,-1.681426716823431,3.0,-0.16022750735282898,0.0,1.0
2023-12-12,237.00999450683594,95328300,-1.1387381846063915,3.0,0.0,0.0,0.0
2023-12-13,239.2899932861328,146286300,0.9619842336358264,1.0,0.0,0.0,0.0
2023-12-14,251.0500030517578,160829200,4.914543063053567,1.0,0.0,0.0,0.0
2023-12-15,253.5,135932800,0.9758999874367902,2.0,-0.45614561438560486,0.0,1.0
2023-12-18,252.0800018310547,116416500,-0.5601570686174839,3.0,-0.3133082588513692,0.0,1.0
2023-12-19,257.2200012207031,106737400,2.03903496997484,3.0,-0.5037729144096375,0.0,2.0
2023-12-20,247.13999938964844,125097000,-3.918825045959673,1.0,0.0,0.0,0.0
2023-12-21,254.5,109594200,2.9780693649462897,3.0,0.0,0.0,0.0
2023-12-22,252.5399932861328,93370100,-0.7701401626197146,0.0,0.0,0.0,0.0
2023-12-26,256.6099853515625,86892400,1.6116227819877649,3.0,0.0019437472025553386,1.0,1.0
2023-12-27,261.44000244140625,106494400,1.8822405072142834,1.0,-0.4677291810512543,0.0,1.0
2023-12-28,253.17999267578125,113619900,-3.1594284304201747,2.0,-0.8724620938301086,0.0,2.0
2023-12-29,248.47999572753906,100891600,-1.8563856087399966,2.0,0.0,0.0,0.0
2024-01-02,248.4199981689453,104654200,-0.02414583049958896,3.0,-0.510204533735911,0.0,2.0
2024-01-03,238.4499969482422,121082600,-4.013364984377277,0.0,0.0,0.0,0.0
2024-01-04,237.92999267578125,102629300,-0.21807686270334248,3.0,0.5583667556444804,2.0,0.0
2024-01-05,237.49000549316406,92488900,-0.1849229589212631,2.0,-0.3022531569004059,0.0,1.0
2024-01-08,240.4499969482422,85166600,1.2463646412957496,3.0,-0.5192877054214478,0.0,2.0
2024-01-09,234.9600067138672,96705700,-2.283214932024613,2.0,0.0,0.0,0.0
2024-01-10,233.94000244140625,91628500,-0.43411825132567694,1.0,0.0,0.0,0.0
2024-01-11,227.22000122070312,105873600,-2.8725319101363445,2.0,-0.44281381368637085,0.0,1.0
2024-01-12,218.88999938964844,123043800,-3.6660513098772496,2.0,0.07073190808296204,1.0,1.0
2024-01-16,219.91000366210938,115355000,0.46598943547220273,3.0,-0.46751195192337036,0.0,2.0
2024-01-17,215.5500030517578,103164400,-1.9826295019533036,2.0,-0.3622027337551117,0.0,1.0
2024-01-18,211.8800048828125,108595400,-1.7026203279913998,2.0,0.0,0.0,0.0
2024-01-19,212.19000244140625,102260300,0.14630807600990448,1.0,0.0,0.0,0.0
2024-01-22,208.8000030517578,117952500,-1.5976244642273096,3.0,-0.4322856863339742,0.0,2.0
2024-01-23,209.13999938964844,106605900,0.16283349277841364,3.0,-0.3036504586537679,0.0,1.0
2024-01-24,207.8300018310547,123369900,-0.6263735117226887,2.0,-0.48297154903411865,0.0,1.0
2024-01-25,182.6300048828125,198076800,-12.125293136804816,1.0,0.0,0.0,0.0
2024-01-26,183.25,107343200,0.3394815203478396,3.0,-0.32184197505315143,0.0,1.0
2024-01-29,190.92999267578125,125013100,4.190991910385411,3.0,-0.5520989696184794,0.0,2.0
2024-01-30,191.58999633789062,109982300,0.3456783572134414,1.0,-0.9186280369758606,0.0,1.0
2024-01-31,187.2899932861328,103221400,-2.244377647032403,2.0,0.0,0.0,0.0
2024-02-01,188.86000061035156,91843300,0.8382761388752824,1.0,0.0,0.0,0.0
2024-02-02,187.91000366210938,110612700,-0.5030164911426604,3.0,0.0,0.0,0.0
2024-02-05,181.05999755859375,134294400,-3.645365318513305,3.0,0.0,0.0,0.0
2024-02-06,185.10000610351562,122676000,2.23130928940527,1.0,0.0,0.0,0.0
2024-02-07,187.5800018310547,111535200,1.339813963135228,3.0,-0.6379989385604858,0.0,2.0
2024-02-08,189.55999755859375,83034000,1.0555473441792307,1.0,0.0,0.0,0.0
2024-02-09,193.57000732421875,84476300,2.1154303741671487,0.0,0.0,0.0,0.0
2024-02-12,188.1300048828125,95498600,-2.8103539988478476,3.0,-0.7063213785489401,0.0,3.0
2024-02-13,184.02000427246094,86759500,-2.1846598116614713,2.0,-0.5778792351484299,0.0,2.0
2024-02-14,188.7100067138672,81203000,2.5486372853585015,3.0,0.0,0.0,0.0
2024-02-15,200.4499969482422,120831800,6.221180550417671,1.0,0.0,0.0,0.0
2024-02-16,199.9499969482422,111346700,-0.24943876658132247,2.0,0.0,0.0,0.0
2024-02-20,193.75999450683594,104545800,-3.0957752117438453,3.0,-0.316016952196757,0.0,1.0
2024-02-21,194.77000427246094,103500300,0.521268473502845,1.0,0.0,0.0,0.0
2024-02-22,197.41000366210938,92739500,1.3554445406056326,2.0,0.0,0.0,0.0
2024-02-23,191.97000122070312,78841900,-2.7556873210526134,2.0,-0.3815139830112457,0.0,1.0
2024-02-26,199.39999389648438,111747100,3.870392576202142,3.0,0.1997666358947754,1.0,0.0
2024-02-27,199.72999572753906,108645400,0.1654974128163733,1.0,0.0,0.0,0.0
2024-02-28,202.0399932861328,99806200,1.156560160219966,2.0,0.0,0.0,0.0
2024-02-29,201.8800048828125,85907000,-0.07918650199801869,3.0,-0.48296531041463214,0.0,2.0
2024-03-01,202.63999938964844,82243100,0.3764585340074067,2.0,-0.7741234600543976,0.0,2.0
2024-03-04,188.13999938964844,134334900,-7.155546804023882,3.0,-0.6392551263173422,0.0,2.0
2024-03-05,180.74000549316406,119660800,-3.933237971984138,0.0,0.0,0.0,0.0
2024-03-06,176.5399932861328,107920900,-2.323786698783792,3.0,-0.30649274587631226,0.0,1.0
2024-03-07,178.64999389648438,102129000,1.1951969472048907,2.0,-0.48244011402130127,0.0,1.0
2024-03-08,175.33999633789062,85544600,-1.8527834714126334,3.0,0.08758749564488728,1.0,1.0
2024-03-11,177.77000427246094,85391500,1.3858834181150304,3.0,0.0,0.0,0.0
2024-03-12,177.5399932861328,87391700,-0.1293868373742013,3.0,-0.25813086827596027,0.0,1.0
2024-03-13,169.47999572753906,106524500,-4.539820808488959,1.0,-0.9737247824668884,0.0,1.0
2024-03-14,162.5,126325700,-4.118477639544138,2.0,0.3055572807788849,1.0,0.0
2024-03-15,163.57000732421875,97146800,0.6584660456730784,3.0,-0.5104801257451376,0.0,2.0
2024-03-18,173.8000030517578,108214400,6.254200201423088,3.0,-0.11601744095484416,1.0,1.0
2024-03-19,171.32000732421875,77271400,-1.4269250195585559,1.0,0.0,0.0,0.0
2024-03-20,175.66000366210938,83846700,2.5332688257929448,3.0,-0.22849367062250772,0.0,1.0
2024-03-21,172.82000732421875,73178000,-1.6167575308454918,1.0,0.0,0.0,0.0
2024-03-22,170.8300018310547,75580600,-1.151490226146512,2.0,-0.24067649245262146,0.0,1.0
2024-03-25,172.6300048828125,74228600,1.0536808713131895,3.0,0.0,0.0,0.0
2024-03-26,177.6699981689453,113186200,2.9195349264770964,2.0,0.0,0.0,0.0
2024-03-27,179.8300018310547,81804000,1.2157391142962881,1.0,0.0,0.0,0.0
2024-03-28,175.7899932861328,77654800,-2.2465709302040393,2.0,-0.8121026158332825,0.0,2.0
2024-04-01,175.22000122070312,81562100,-0.3242460249155976,3.0,-0.9507061441739401,0.0,3.0
2024-04-02,166.6300048828125,116650600,-4.902406276707449,2.0,0.0,0.0,0.0
2024-04-03,168.3800048828125,82950100,1.050231020055925,1.0,0.9153016805648804,1.0,0.0
2024-04-04,171.11000061035156,123162000,1.6213301154368365,2.0,-0.7688396871089935,0.0,2.0
2024-04-05,164.89999389648438,143157600,-3.6292482565110196,1.0,0.0,0.0,0.0
2024-04-08,172.97999572753906,104423300,4.899940648952894,3.0,-0.055601656436920166,1.0,1.0
2024-04-09,176.8800048828125,102951700,2.254601255405486,3.0,-0.5760331749916077,0.0,2.0
2024-04-10,171.75999450683594,84532400,-2.8946236061948905,1.0,0.0,0.0,0.0
2024-04-11,174.60000610351562,94516000,1.653476762638495,3.0,0.0,0.0,0.0
2024-04-12,171.0500030517578,64722700,-2.0332204625772565,2.0,0.0,0.0,0.0
2024-04-15,161.47999572753906,100245300,-5.594859487563397,3.0,-0.9004977742830912,0.0,3.0
2024-04-16,157.11000061035156,97000000,-2.7062145360474688,2.0,0.42909660935401917,1.0,0.0
2024-04-17,155.4499969482422,82439700,-1.0565868854054306,1.0,0.0,0.0,0.0
2024-04-18,149.92999267578125,96098800,-3.550983840996058,2.0,0.34985122084617615,1.0,0.0
2024-04-19,147.0500030517578,87074500,-1.9208895916184798,2.0,-0.47036154568195343,0.0,2.0
2024-04-22,142.0500030517578,107097600,-3.400203941675628,3.0,-0.34142541885375977,1.0,2.0
2024-04-23,144.67999267578125,124545100,1.8514534090260826,2.0,0.4548892080783844,1.0,0.0
2024-04-24,162.1300048828125,181178000,12.061109407252758,1.0,0.9027771353721619,1.0,0.0
2024-04-25,170.17999267578125,126427500,4.965143743002587,3.0,0.4216652711232503,2.0,0.0
2024-04-26,168.2899932861328,109815700,-1.1105884774887609,2.0,0.0,0.0,0.0
2024-04-29,194.0500030517578,243869700,15.306917103399531,3.0,-0.0013666947682698567,1.0,1.0
2024-04-30,183.27999877929688,127031800,-5.550118063944742,2.0,-0.3987244665622711,0.0,1.0
2024-05-01,179.99000549316406,92829700,-1.7950640048260635,2.0,-0.46457821130752563,0.0,1.0
2024-05-02,180.00999450683594,89148000,0.01110562423569661,3.0,-0.30882855256398517,0.0,1.0
2024-05-03,181.19000244140625,75491500,0.6555235656792835,1.0,0.0,0.0,0.0
2024-05-06,184.75999450683594,84390300,1.9703030064167848,3.0,0.21841077009836832,1.0,0.0
2024-05-07,177.80999755859375,75045900,-3.761635178001177,2.0,0.0,0.0,0.0
2024-05-08,174.72000122070312,79969500,-1.7378079862311324,2.0,0.40428483486175537,1.0,0.0
2024-05-09,171.97000122070312,65950300,-1.573946875450305,3.0,0.0,0.0,0.0
2024-05-10,168.47000122070312,72627200,-2.035238689978358,0.0,0.0,0.0,0.0
2024-05-13,171.88999938964844,67018900,2.030033919489904,3.0,-0.5922504266103109,0.0,2.0
2024-05-14,177.5500030517578,86407400,3.292805679333921,3.0,0.03815742333730062,1.0,1.0
2024-05-15,173.99000549316406,79663000,-2.005067585133169,0.0,0.0,0.0,0.0
2024-05-16,174.83999633789062,59812200,0.4885285464054867,3.0,-0.3017641305923462,1.0,2.0
2024-05-17,177.4600067138672,77445800,1.4985188920464187,1.0,-0.5231919288635254,0.0,1.0
2024-05-20,174.9499969482422,61727400,-1.4144086952910362,3.0,-0.614190399646759,0.0,2.0
2024-05-21,186.60000610351562,115266500,6.659050790792542,1.0,0.0,0.0,0.0
2024-05-22,180.11000061035156,88313500,-3.478030697150003,3.0,0.0,0.0,0.0
2024-05-23,173.74000549316406,71975500,-3.5367248323807887,2.0,-0.4641387462615967,0.0,1.0
2024-05-24,179.24000549316406,65584500,3.165649721483632,1.0,0.0,0.0,0.0
2024-05-28,176.75,59736600,-1.389201861667555,3.0,-0.2719564040501912,0.0,1.0
2024-05-29,176.19000244140625,54782600,-0.3168303018918017,2.0,0.26037558913230896,1.0,0.0
2024-05-30,178.7899932861328,77618400,1.4756744473008343,1.0,-0.927410900592804,0.0,1.0
2024-05-31,178.0800018310547,67314600,-0.3971091681523098,2.0,-0.7835809588432312,0.0,2.0
2024-06-03,176.2899932861328,68568900,-1.00517100545634,3.0,-0.32152851422627765,0.0,1.0
2024-06-04,174.77000427246094,60056300,-0.8622094682395387,3.0,0.0,0.0,0.0
2024-06-05,175.0,57953800,0.13159908560766986,2.0,-0.7650053203105927,0.0,2.0
2024-06-06,177.94000244140625,69887000,1.6800013950892811,2.0,0.0,0.0,0.0
2024-06-07,177.47999572753906,56244900,-0.25851787543875737,2.0,0.0,0.0,0.0
2024-06-10,173.7899932861328,50774600,-2.0791089307163446,3.0,-0.30531032880147296,0.0,1.0
2024-06-11,170.66000366210938,64761900,-1.8010183238054034,2.0,0.2978871166706085,1.0,0.0
2024-06-12,177.2899932861328,90389400,3.8849112163094723,3.0,0.26504607995351154,1.0,0.0
2024-06-13,182.47000122070312,118984100,2.9217711832219218,2.0,-0.05239960551261902,1.0,1.0
2024-06-14,178.00999450683594,82038200,-2.4442410719736185,1.0,0.0,0.0,0.0
2024-06-17,187.44000244140625,109786100,5.2974598199923895,3.0,0.003696600596110026,1.0,1.0
2024-06-18,184.86000061035156,68982300,-1.3764414198944475,2.0,-0.25680240988731384,0.0,1.0
2024-06-20,181.57000732421875,55893100,-1.7797215597047833,3.0,-0.5248746474583944,0.0,2.0
2024-06-21,183.00999450683594,61937300,0.7930754665036011,1.0,0.0,0.0,0.0
2024-06-24,182.5800018310547,61992100,-0.23495584322592578,3.0,0.0,0.0,0.0
2024-06-25,187.35000610351562,62905700,2.6125557150967316,1.0,0.0,0.0,0.0
2024-06-26,196.3699951171875,95737100,4.814512260377568,3.0,0.2503974835077922,1.0,0.0
2024-06-27,197.4199981689453,72746500,0.5347064612041263,1.0,0.9067666530609131,1.0,0.0
2024-06-28,197.8800048828125,95438100,0.2330091774560339,2.0,0.3856421411037445,1.0,0.0
2024-07-01,209.86000061035156,135691400,6.054171938510811,3.0,-0.3242083589235942,0.0,1.0
2024-07-02,231.25999450683594,205047900,10.19727143535938,2.0,0.0,0.0,0.0
2024-07-03,246.38999938964844,166561500,6.542422054051067,2.0,0.0,0.0,0.0
2024-07-05,251.52000427246094,154501200,2.082067005771515,3.0,0.0,0.0,0.0
2024-07-08,252.94000244140625,157219600,0.5645666924397386,3.0,0.46018675963083905,2.0,0.0
2024-07-09,262.3299865722656,160210900,3.712336538398886,1.0,-0.8532731533050537,0.0,1.0
2024-07-10,263.260009765625,128519400,0.3545241645880992,3.0,-0.9607207179069519,0.0,3.0
2024-07-11,241.02999877929688,221707300,-8.444127539962887,1.0,0.0,0.0,0.0
2024-07-12,248.22999572753906,155955800,2.9871787680814776,2.0,-0.47347623109817505,0.0,1.0
2024-07-15,252.63999938964844,146912900,1.776579679334911,3.0,0.16317383448282877,1.0,0.0
2024-07-16,256.55999755859375,126332500,1.5516142251486675,1.0,0.0,0.0,0.0
2024-07-17,248.5,115584800,-3.1415644041518975,2.0,0.0,0.0,0.0
2024-07-18,249.22999572753906,110869000,0.2937608561525362,2.0,-0.4829278290271759,0.0,1.0
2024-07-19,239.1999969482422,87403900,-4.024394716220991,1.0,0.0,0.0,0.0
2024-07-22,251.50999450683594,101225400,5.146320115237035,3.0,-0.29246677954991657,0.0,1.0
2024-07-23,246.3800048828125,111928200,-2.0396762498772203,3.0,0.27357832590738934,1.0,0.0
2024-07-24,215.99000549316406,167942900,-12.334604589403696,0.0,0.0,0.0,0.0
2024-07-25,220.25,100636500,1.9723109396238891,3.0,-0.2560015320777893,0.0,1.0
2024-07-26,219.8000030517578,94604100,-0.20431189477511102,3.0,-0.25089454650878906,0.0,1.0
2024-07-29,232.10000610351562,129201800,5.595997671056185,3.0,0.0,0.0,0.0
2024-07-30,222.6199951171875,100560300,-4.084450985365374,1.0,0.0,0.0,0.0
2024-07-31,232.07000732421875,67497000,4.244907202543402,2.0,-0.6964285224676132,0.0,2.0
2024-08-01,216.86000061035156,83861900,-6.5540596517574485,3.0,-0.04839167992273966,1.0,1.0
2024-08-02,207.6699981689453,82880100,-4.237758192170538,0.0,0.0,0.0,0.0
2024-08-05,198.8800048828125,100308800,-4.232673647438423,3.0,-0.28782008091608685,0.0,1.0
2024-08-06,200.63999938964844,73783900,0.8849529684359148,1.0,-0.9709094166755676,0.0,1.0
2024-08-07,191.75999450683594,71159800,-4.425839767656337,2.0,0.0,0.0,0.0
2024-08-08,198.83999633789062,65033900,3.6921162045623124,3.0,-0.5763672590255737,0.0,2.0
2024-08-09,200.0,58648300,0.5833854775063374,0.0,0.0,0.0,0.0
2024-08-12,197.49000549316406,64044900,-1.2549972534179665,3.0,-0.3103790879249573,0.0,1.0
2024-08-13,207.8300018310547,76247400,5.235706137163754,1.0,-0.6978996396064758,0.0,1.0
2024-08-14,201.3800048828125,70250000,-3.10349655555765,3.0,0.0,0.0,0.0
2024-08-15,214.13999938964844,89848500,6.336276788880446,2.0,0.0,0.0,0.0
2024-08-16,216.1199951171875,88765100,0.9246267550119258,1.0,0.0,0.0,0.0
2024-08-19,222.72000122070312,76435200,3.0538618603692225,3.0,-0.53417040904363,0.0,2.0
2024-08-20,221.10000610351562,74001200,-0.7273684933137958,1.0,0.0,0.0,0.0
2024-08-21,223.27000427246094,70146000,0.9814554993405888,2.0,-0.19509941339492798,1.0,1.0
2024-08-22,210.66000366210938,79514500,-5.6478704568676985,3.0,-0.5164646506309509,0.0,2.0
2024-08-23,220.32000732421875,81525200,4.585589810206048,3.0,-0.2829713026682536,0.0,1.0
2024-08-26,213.2100067138672,59301200,-3.2271243527550397,3.0,0.17160662015279135,1.0,0.0
2024-08-27,209.2100067138672,62821400,-1.8760845523390857,3.0,-0.060235450665156044,1.0,1.0
2024-08-28,205.75,64116400,-1.653843794670573,2.0,-0.7786353826522827,0.0,2.0
2024-08-29,206.27999877929688,62308800,0.2575935743848623,1.0,-0.9595029354095459,0.0,1.0
2024-08-30,214.11000061035156,63370600,3.795812428442069,2.0,-0.2940196096897125,0.0,1.0
2024-09-03,210.60000610351562,76714200,-1.6393416920415627,3.0,0.0,0.0,0.0
2024-09-04,219.41000366210938,80651800,4.183284569452206,2.0,0.3428182005882263,1.0,0.0
2024-09-05,230.1699981689453,119355000,4.904058305110959,1.0,0.0,0.0,0.0
2024-09-06,210.72999572753906,112177000,-8.44593239607937,2.0,0.0,0.0,0.0
2024-09-09,216.27000427246094,67443500,2.6289605928169646,3.0,-0.5512648423512777,0.0,2.0
2024-09-10,226.1699981689453,78891100,4.577608406578748,3.0,0.0,0.0,0.0
2024-09-11,228.1300048828125,83548600,0.8666077418469476,1.0,0.6929696202278137,1.0,0.0
2024-09-12,229.80999755859375,71894900,0.7364189890953776,3.0,-0.5839046637217203,0.0,2.0
2024-09-13,230.2899932861328,59515100,0.20886633855721204,1.0,0.0,0.0,0.0
2024-09-16,226.77999877929688,54323000,-1.5241628421408637,3.0,-0.5504785180091858,0.0,2.0
2024-09-17,227.8699951171875,66761600,0.4806404196833203,1.0,0.0,0.0,0.0
2024-09-18,227.1999969482422,78010200,-0.2940264990135111,3.0,-0.3165434002876282,0.0,1.0
2024-09-19,243.9199981689453,102694600,7.359155565707187,3.0,-0.515088677406311,0.0,2.0
2024-09-20,238.25,99879100,-2.324531900421767,2.0,0.012791663408279419,1.0,1.0
2024-09-23,250.0,86927200,4.931794333683115,3.0,0.0,0.0,0.0
2024-09-24,254.27000427246094,88491000,1.7080017089843746,2.0,-0.4091440737247467,0.0,1.0
2024-09-25,257.0199890136719,65034300,1.0815214909361437,1.0,0.6803165078163147,1.0,0.0
2024-09-26,254.22000122070312,67142200,-1.089404681602335,2.0,-0.476640522480011,0.0,1.0
2024-09-27,260.4599914550781,70988100,2.4545630573566513,1.0,0.0,0.0,0.0
2024-09-30,261.6300048828125,80705700,0.4492104223754234,3.0,-0.44646074374516803,0.0,2.0
2024-10-01,258.0199890136719,87397600,-1.3798172234708361,3.0,0.21223936478296915,1.0,0.0
2024-10-02,249.02000427246094,93983900,-3.488095932262847,1.0,0.8706468939781189,1.0,0.0
2024-10-03,240.66000366210938,80729200,-3.357160254966751,2.0,0.26890507340431213,1.0,0.0
2024-10-04,250.0800018310547,86573200,3.914235030998814,1.0,0.0,0.0,0.0
2024-10-07,240.8300018310547,68113300,-3.698816351676526,3.0,-0.17412632703781128,0.0,1.0
2024-10-08,244.5,56303200,1.5238957526229946,1.0,0.0,0.0,0.0
2024-10-09,241.0500030517578,66289500,-1.4110416966225725,2.0,0.0,0.0,0.0
2024-10-10,238.77000427246094,83087100,-0.9458613360014412,3.0,-0.32367555300394696,0.0,1.0
2024-10-11,217.8000030517578,142628900,-8.782510719719305,1.0,-0.9729111194610596,0.0,1.0
2024-10-14,219.16000366210938,86291900,0.624426350457119,3.0,-0.5630249381065369,0.0,2.0
2024-10-15,219.57000732421875,62988800,0.18707960177875016,2.0,0.0,0.0,0.0
2024-10-16,221.3300018310547,49632800,0.8015641700267029,1.0,0.0,0.0,0.0
2024-10-17,220.88999938964844,50791800,-0.1987992760882462,2.0,-0.2447180598974228,0.0,1.0
2024-10-18,220.6999969482422,49611900,-0.08601676940163117,2.0,0.0,0.0,0.0
2024-10-21,218.85000610351562,47329000,-0.8382378207102636,3.0,-0.5482357939084371,0.0,2.0
2024-10-22,217.97000122070312,43268700,-0.4021041161846095,2.0,0.0,0.0,0.0
2024-10-23,213.64999389648438,80938900,-1.9819274670942355,3.0,0.5589567422866821,2.0,0.0
2024-10-24,260.4800109863281,204491900,21.919035070290427,1.0,0.6785810589790344,1.0,0.0
2024-10-25,269.19000244140625,161611900,3.343823359841336,2.0,0.44912296533584595,1.0,0.0
2024-10-28,262.510009765625,107653600,-2.4815158866218545,3.0,-0.3944934606552124,1.0,2.0
2024-10-29,259.5199890136719,80521800,-1.139012091242797,3.0,-0.2118192513783773,0.0,1.0
2024-10-30,257.54998779296875,53993600,-0.7590942139718337,1.0,0.0,0.0,0.0
2024-10-31,249.85000610351562,66575300,-2.9897037679701755,3.0,0.0,0.0,0.0
2024-11-01,248.97999572753906,57544800,-0.3482130697311625,1.0,0.0,0.0,0.0
2024-11-04,242.83999633789062,68802400,-2.4660613282231236,3.0,0.2968151768048604,1.0,0.0
2024-11-05,251.44000244140625,69282500,3.541429020427711,2.0,0.47236505150794983,1.0,0.0
2024-11-06,288.5299987792969,165228700,14.751032444224466,1.0,0.8788924217224121,1.0,0.0
2024-11-07,296.9100036621094,117309200,2.904379065700735,3.0,0.20263737440109253,1.0,0.0
2024-11-08,321.2200012207031,204782800,8.187665372925302,0.0,0.0,0.0,0.0
2024-11-11,350.0,210521600,8.959591143118995,3.0,0.5275621215502421,2.0,0.0
2024-11-12,328.489990234375,155726000,-6.145717075892854,3.0,-0.18557602167129517,0.0,1.0
2024-11-13,330.239990234375,125405600,0.5327407385385952,2.0,0.370818167924881,1.0,0.0
2024-11-14,311.17999267578125,120726100,-5.771559508909463,1.0,-0.7872684001922607,0.0,1.0
2024-11-15,320.7200012207031,114440300,3.0657525449785616,2.0,0.0,0.0,0.0
2024-11-18,338.739990234375,126085600,5.618604684798378,3.0,-0.2840000589688619,0.0,1.0
2024-11-19,346.0,88852500,2.1432396454288627,2.0,-0.6292974352836609,0.0,2.0
2024-11-20,342.0299987792969,66340700,-1.1473991967350106,1.0,0.0,0.0,0.0
2024-11-21,339.6400146484375,58011700,-0.6987644766217049,2.0,-0.3459545969963074,0.0,1.0
2024-11-22,352.55999755859375,89140700,3.8040225983177356,1.0,0.0,0.0,0.0
2024-11-25,338.5899963378906,95890900,-3.9624464821427674,3.0,0.0,0.0,0.0
2024-11-26,338.2300109863281,62295900,-0.1063189566898104,2.0,0.0,0.0,0.0
2024-11-27,332.8900146484375,57896400,-1.5788061864523528,2.0,0.0,0.0,0.0
2024-11-29,345.1600036621094,37167600,3.685898787510977,3.0,0.03598592678705851,1.0,1.0
2024-12-02,357.0899963378906,77986500,3.4563659025395044,3.0,-0.30523568391799927,0.0,1.0
2024-12-03,351.4200134277344,58267200,-1.5878302299992542,2.0,-0.6285979747772217,0.0,2.0
2024-12-04,357.92999267578125,50810900,1.8524782309774723,3.0,-0.2001033822695414,0.0,1.0
2024-12-05,369.489990234375,81403600,3.2296811653515167,1.0,0.0,0.0,0.0
2024-12-06,389.2200012207031,81455800,5.3397958017247005,2.0,-0.47729089856147766,0.0,1.0
2024-12-09,389.7900085449219,96359200,0.14644862094215227,3.0,0.30002933740615845,1.0,0.0
2024-12-10,400.989990234375,97563600,2.873337295448497,3.0,0.31561774015426636,1.0,0.0
2024-12-11,424.7699890136719,104287600,5.930322291934931,1.0,0.9020945429801941,1.0,0.0
2024-12-12,418.1000061035156,87752200,-1.5702575706076027,2.0,0.46354740858078003,1.0,0.0
2024-12-13,436.2300109863281,89000200,4.336284290396253,2.0,0.0,0.0,0.0
2024-12-16,463.0199890136719,114083800,6.141250567967771,3.0,-0.24571587642033896,0.0,1.0
2024-12-17,479.8599853515625,131223000,3.6369912179738284,2.0,-0.3146280348300934,0.0,1.0
2024-12-18,440.1300048828125,149340800,-8.27949436951747,1.0,0.0,0.0,0.0
2024-12-19,436.1700134277344,118566100,-0.8997322180141931,2.0,0.0,0.0,0.0
2024-12-20,421.05999755859375,132216200,-3.4642491239586515,1.0,0.0,0.0,0.0
2024-12-23,430.6000061035156,72698100,2.2657123925894362,3.0,-0.01459584633509318,1.0,1.0
2024-12-24,462.2799987792969,59551800,7.357174228224572,1.0,0.0,0.0,0.0
2024-12-26,454.1300048828125,76366400,-1.7629994630971146,3.0,0.2511709928512573,1.0,0.0
2024-12-27,431.6600036621094,82666800,-4.947922616674816,2.0,-0.4070737957954407,0.0,1.0
2024-12-30,417.4100036621094,64941000,-3.301209257078741,3.0,0.31000534693400067,1.0,0.0
2024-12-31,403.8399963378906,76825100,-3.2510019417751113,2.0,0.39353036880493164,1.0,0.0
2025-01-02,379.2799987792969,109710700,-6.081615932376483,3.0,-0.3253212769826253,0.0,1.0
2025-01-03,410.44000244140625,95423300,8.215567328200034,2.0,0.0,0.0,0.0
2025-01-06,411.04998779296875,85516500,0.14861742226248698,3.0,0.0,0.0,0.0
2025-01-07,394.3599853515625,75699500,-4.06033400731115,2.0,0.38183048367500305,1.0,0.0
2025-01-08,394.94000244140625,73038800,0.14707807875757872,2.0,-0.29530850052833557,0.0,1.0
2025-01-10,394.739990234375,62287300,-0.05064369418008585,3.0,0.0,0.0,0.0
2025-01-13,403.30999755859375,67580500,2.1710512074366584,3.0,-0.48152536153793335,0.0,2.0
2025-01-14,396.3599853515625,84565000,-1.7232432245921525,2.0,-0.3796643316745758,0.0,1.0
2025-01-15,428.2200012207031,81375500,8.038151439752795,1.0,0.0,0.0,0.0
2025-01-16,413.82000732421875,68335200,-3.362756026209679,2.0,0.4242517948150635,1.0,0.0
2025-01-17,426.5,94991400,3.0641323404759335,1.0,0.0,0.0,0.0
2025-01-21,424.07000732421875,87320900,-0.569752092797482,3.0,-0.4860971470673879,0.0,2.0
2025-01-22,415.1099853515625,60963300,-2.11286387103673,3.0,0.07407198349634807,1.0,1.0
2025-01-23,412.3800048828125,50690600,-0.6576523247056931,2.0,-0.41152581572532654,0.0,1.0
2025-01-24,406.5799865722656,56427100,-1.406474184458839,1.0,-0.9230577945709229,0.0,1.0
2025-01-27,397.1499938964844,58125500,-2.3193450212053546,3.0,-0.601839522520701,0.0,2.0
2025-01-28,398.0899963378906,48910700,0.23668700890153715,0.0,0.0,0.0,0.0
2025-01-29,389.1000061035156,68033600,-2.258280870425211,3.0,0.305692195892334,1.0,0.0
2025-01-30,400.2799987792969,98092900,2.873295425445699,0.0,0.0,0.0,0.0
2025-01-31,404.6000061035156,83283600,1.0792463618949588,3.0,-0.05171447992324829,1.0,1.0
2025-02-03,383.67999267578125,93732100,-5.170542044525339,3.0,-0.4852410554885864,0.0,2.0
2025-02-04,392.2099914550781,57072200,2.2232065633156273,2.0,-0.9411665201187134,0.0,2.0
2025-02-05,378.1700134277344,57223300,-3.5797094243459227,2.0,0.0,0.0,0.0
2025-02-06,374.32000732421875,77918200,-1.0180622383618276,1.0,-0.9313635230064392,0.0,1.0
2025-02-07,361.6199951171875,70298300,-3.39282217314959,2.0,0.0,0.0,0.0
2025-02-10,350.7300109863281,77514900,-3.0114441341470455,3.0,-0.2543460726737976,0.0,1.0
2025-02-11,328.5,118543400,-6.338211812502892,0.0,0.0,0.0,0.0
2025-02-12,336.510009765625,105382700,2.43835913717656,3.0,-0.5647222797075907,0.0,2.0
2025-02-13,355.94000244140625,89441500,5.773971683431944,2.0,-0.45968130230903625,0.0,1.0
2025-02-14,355.8399963378906,68277300,-0.02809633725618932,3.0,-0.5393270055452982,0.0,2.0
2025-02-18,354.1099853515625,51631700,-0.48617665358937634,3.0,0.21344945828119913,1.0,0.0
2025-02-19,360.55999755859375,67094400,1.8214714280444966,2.0,-0.4450622797012329,0.0,1.0
2025-02-20,354.3999938964844,45965400,-1.708454543992588,1.0,0.0,0.0,0.0
2025-02-21,337.79998779296875,74058600,-4.683974714842765,2.0,0.0,0.0,0.0
2025-02-24,330.5299987792969,76052300,-2.1521578674915554,3.0,-0.9655205210049947,0.0,3.0
2025-02-25,302.79998779296875,134228800,-8.38955952220366,0.0,0.0,0.0,0.0
2025-02-26,290.79998779296875,100118300,-3.9630120487999076,3.0,-0.8752749363581339,0.0,3.0
2025-02-27,281.95001220703125,101748200,-3.0433204805490277,1.0,-0.9654130339622498,0.0,1.0
2025-02-28,292.9800109863281,115697000,3.912040539724382,2.0,0.4262799620628357,1.0,0.0
2025-03-03,284.6499938964844,115551400,-2.843203214376444,3.0,-0.6338249643643697,0.0,2.0
2025-03-04,272.0400085449219,126706600,-4.429996705409467,2.0,-0.47719359397888184,0.0,1.0
2025-03-05,279.1000061035156,94042900,2.5952056083059283,2.0,-0.4802073538303375,0.0,1.0
2025-03-06,263.45001220703125,98451600,-5.60730689868919,3.0,-0.8944437305132548,0.0,3.0
2025-03-07,262.6700134277344,102369600,-0.29607088371812473,1.0,-0.7501698732376099,0.0,1.0
2025-03-10,222.14999389648438,189076900,-15.426206822195121,3.0,-0.314555287361145,0.0,1.0
2025-03-11,230.5800018310547,174896400,3.7947369642955975,1.0,-0.7883394956588745,0.0,1.0
2025-03-12,248.08999633789062,142215700,7.59389121683911,2.0,-0.4711777865886688,0.0,1.0
2025-03-13,240.67999267578125,114813500,-2.986820819658198,3.0,-0.5929150581359863,0.0,2.0
2025-03-14,249.97999572753906,100242300,3.8640532386444715,2.0,-0.7439817190170288,0.0,2.0
2025-03-17,238.00999450683594,111900600,-4.788383640805238,3.0,-0.616994321346283,0.0,2.0
2025-03-18,225.30999755859375,111477600,-5.335909096824687,2.0,-0.7083196341991425,0.0,2.0
2025-03-19,235.86000061035156,111993800,4.682438935721978,2.0,-0.2956322729587555,0.0,1.0
2025-03-20,236.25999450683594,99028300,0.16958954271570903,3.0,-0.5203079382578532,0.0,2.0
2025-03-21,248.7100067138672,132728700,5.269623506518384,1.0,0.0,0.0,0.0
2025-03-24,278.3900146484375,169079900,11.933580126800525,3.0,0.2848929166793823,2.0,1.0
2025-03-25,288.1400146484375,150361500,3.5022807884516727,1.0,-0.9594170451164246,0.0,1.0
2025-03-26,272.05999755859375,153629800,-5.5806261790689256,2.0,0.0,0.0,0.0
2025-03-27,273.1300048828125,162572100,0.39329829222258805,3.0,0.0,0.0,0.0
2025-03-28,263.54998779296875,123809400,-3.507493471452938,3.0,-0.5951651533444723,0.0,2.0
2025-03-31,259.1600036621094,134008900,-1.6657121359109794,3.0,-0.6430489818255106,0.0,2.0
2025-04-01,268.4599914550781,146486900,3.5885119854736525,3.0,-0.9631656606992086,0.0,3.0
2025-04-02,282.760009765625,212787800,5.326685079977622,0.0,0.0,0.0,0.0
2025-04-03,267.2799987792969,136174300,-5.474611137253548,3.0,-0.646993358929952,0.0,2.0
2025-04-04,239.42999267578125,181229400,-10.419786826814681,2.0,-0.30059927701950073,0.0,1.0
2025-04-07,233.2899932861328,183453800,-2.5644236634809525,3.0,-0.9311196804046631,0.0,3.0
2025-04-08,221.86000061035156,171603500,-4.899478333715857,2.0,-0.2690216451883316,1.0,1.0
2025-04-09,272.20001220703125,219433400,22.689989839624538,2.0,0.0,0.0,0.0
2025-04-10,252.39999389648438,181722600,-7.274069589492626,2.0,0.0,0.0,0.0
2025-04-11,252.30999755859375,128948100,-0.035656236159631316,1.0,0.0,0.0,0.0
2025-04-14,252.35000610351562,100135200,0.015856900364230597,3.0,0.21197980642318726,1.0,0.0
2025-04-15,254.11000061035156,79594300,0.69744183248166,1.0,0.0,0.0,0.0
2025-04-16,241.5500030517578,112378700,-4.942740359854259,2.0,0.21850313246250153,1.0,0.0
2025-04-17,241.3699951171875,83404800,-0.07452201709629014,1.0,0.0,0.0,0.0
2025-04-21,227.5,97768000,-5.746362595919797,3.0,-0.8709771037101746,0.0,3.0
2025-04-22,237.97000122070312,120858500,4.602198338770602,2.0,-0.48430168628692627,0.0,1.0
2025-04-23,250.74000549316406,150381900,5.36622440095611,1.0,0.0,0.0,0.0
2025-04-24,259.510009765625,94464200,3.49764859229853,3.0,0.12896089752515158,1.0,0.0
2025-04-25,284.95001220703125,167560700,9.803091011549903,2.0,0.0,0.0,0.0
2025-04-28,285.8800048828125,151731800,0.32637046356942534,3.0,0.2436075210571289,1.0,0.0
2025-04-29,292.0299987792969,108906600,2.1512501019458785,2.0,-0.38578104972839355,0.0,1.0
2025-04-30,282.1600036621094,128961100,-3.3797880897321053,1.0,0.0,0.0,0.0
2025-05-01,280.5199890136719,99659000,-0.5812356915055328,2.0,0.0,0.0,0.0
2025-05-02,287.2099914550781,114454700,2.3848576584252656,2.0,0.0,0.0,0.0
2025-05-05,280.260009765625,94618900,-2.4198258752220814,3.0,-0.5205273628234863,0.0,2.0
2025-05-06,275.3500061035156,76715800,-1.7519458684867262,2.0,-0.4872661232948303,0.0,1.0
2025-05-07,276.2200012207031,71592600,0.3159597232260225,2.0,-0.2703495919704437,0.0,1.0
2025-05-08,284.82000732421875,97539400,3.1134624811778533,1.0,-0.926710844039917,0.0,1.0
2025-05-09,298.260009765625,132387800,4.718770485146129,2.0,0.0,0.0,0.0
2025-05-12,318.3800048828125,112826700,6.745790403815088,3.0,-0.2896857460339864,0.0,1.0
2025-05-13,334.07000732421875,136992600,4.928074062685361,2.0,0.0,0.0,0.0
2025-05-14,347.67999267578125,136997300,4.073991993646375,1.0,0.0,0.0,0.0
2025-05-15,342.82000732421875,97882600,-1.3978329078298546,3.0,0.4889087478319804,2.0,0.0
2025-05-16,349.9800109863281,95895700,2.08856061756566,1.0,-0.7309250831604004,0.0,1.0
2025-05-19,342.0899963378906,88869900,-2.2544186527114873,3.0,0.3005686004956563,1.0,0.0
2025-05-20,343.82000732421875,131715500,0.5057180873010214,1.0,0.8622816801071167,1.0,0.0
2025-05-21,334.6199951171875,102354800,-2.6758222357769146,2.0,0.0,0.0,0.0
2025-05-22,341.0400085449219,97113400,1.9185982671137136,2.0,0.3913847804069519,1.0,0.0
2025-05-23,339.3399963378906,84654800,-0.49847881903489766,1.0,0.0,0.0,0.0
2025-05-27,362.8900146484375,120146400,6.939947711644767,3.0,-0.4526209831237793,0.0,2.0
2025-05-28,356.8999938964844,91404300,-1.6506435862546853,2.0,0.3359055817127228,1.0,0.0
2025-05-29,358.42999267578125,88087800,0.42869117552875036,2.0,0.4058607220649719,1.0,0.0
2025-05-30,346.4599914550781,123474900,-3.3395646193957407,1.0,0.0,0.0,0.0
2025-06-02,342.69000244140625,81873800,-1.088145559849063,3.0,-0.16082034508387247,0.0,1.0
2025-06-03,344.2699890136719,99324500,0.46105417753929956,3.0,-0.16466433803240457,0.0,1.0
2025-06-04,332.04998779296875,98912100,-3.5495400733921767,3.0,-0.614234725634257,0.0,2.0
2025-06-05,284.70001220703125,287499800,-14.259893789082124,2.0,-0.01998189091682434,1.0,1.0
2025-06-06,295.1400146484375,164747700,3.6670186138995975,1.0,0.522510290145874,1.0,0.0
2025-06-09,308.5799865722656,140908900,4.553761352840424,3.0,-0.297634760538737,0.0,1.0
2025-06-10,326.0899963378906,151256500,5.674382827003055,3.0,-0.020812273025512695,1.0,1.0
2025-06-11,326.42999267578125,122611400,0.10426457165473302,0.0,0.0,0.0,0.0
2025-06-12,319.1099853515625,105127500,-2.242443246166159,3.0,-0.48940205574035645,0.0,2.0
2025-06-13,325.30999755859375,128964300,1.9429076154419578,1.0,0.0,0.0,0.0
2025-06-16,329.1300048828125,83925900,1.1742668079331553,3.0,-0.5044395128885905,0.0,2.0
2025-06-17,316.3500061035156,88282700,-3.8829637497946212,2.0,-0.482067346572876,0.0,1.0
2025-06-18,322.04998779296875,95137700,1.80179597897272,2.0,-0.36468055844306946,0.0,1.0
2025-06-20,322.1600036621094,108688000,0.03416111576173275,3.0,0.0,0.0,0.0
2025-06-23,348.67999267578125,190716800,8.231930938729072,3.0,-0.0183147390683492,1.0,1.0
2025-06-24,340.4700012207031,114736200,-2.3545920693855638,2.0,-0.1876201331615448,1.0,1.0
2025-06-25,327.54998779296875,119845100,-3.7947582404945,3.0,-0.5193326473236084,0.0,2.0
2025-06-26,325.7799987792969,80440900,-0.5403721812350049,0.0,0.0,0.0,0.0
2025-06-27,323.6300048828125,89067000,-0.6599526995335614,3.0,0.0,0.0,0.0
2025-06-30,317.6600036621094,76695100,-1.8446995428822777,3.0,-0.9536081552505493,0.0,3.0
2025-07-01,300.7099914550781,145085700,-5.335897504131726,2.0,-0.9703762829303741,0.0,2.0
2025-07-02,315.6499938964844,119483700,4.968242780731846,1.0,-0.9473779201507568,0.0,1.0
2025-07-03,315.3500061035156,58042300,-0.09503811144286889,3.0,0.0,0.0,0.0
2025-07-07,293.94000244140625,131177900,-6.789282780315342,3.0,-0.8231975038846334,0.0,3.0
2025-07-08,297.80999755859375,103246700,1.3165935514200422,3.0,-0.618428369363149,0.0,2.0
2025-07-09,295.8800048828125,75586800,-0.6480617479611372,1.0,0.0,0.0,0.0
2025-07-10,309.8699951171875,104365300,4.72826483827995,3.0,-0.11485252777735393,1.0,1.0
2025-07-11,313.510009765625,79236400,1.174690904506881,0.0,0.0,0.0,0.0
2025-07-14,316.8999938964844,78043400,1.0813001260769006,3.0,0.16801122824350992,1.0,0.0
2025-07-15,310.7799987792969,77556300,-1.9312070795389769,2.0,0.29237788915634155,1.0,0.0
2025-07-16,321.6700134277344,97284800,3.5040912192586537,2.0,0.0,0.0,0.0
2025-07-17,319.4100036621094,73922900,-0.7025863995037018,1.0,0.0,0.0,0.0
2025-07-18,329.6499938964844,94255000,3.205907804067243,3.0,-0.20951845248540243,0.0,1.0
2025-07-21,328.489990234375,75768800,-0.35188948387289143,3.0,0.0,0.0,0.0
2025-07-22,332.1099853515625,77370400,1.10201078413521,2.0,-0.9138791263103485,0.0,2.0
2025-07-23,332.55999755859375,92553800,0.13550095657464123,2.0,-0.477819561958313,0.0,1.0
2025-07-24,305.29998779296875,156966000,-8.197020076301287,1.0,0.0,0.0,0.0
2025-07-25,316.05999755859375,148227000,3.524405566934252,2.0,0.35387158393859863,1.0,0.0
2025-07-28,325.5899963378906,112673800,3.0152499060024596,3.0,-0.33098967870076496,1.0,2.0
2025-07-29,321.20001220703125,87358900,-1.3483166498468035,3.0,-0.3217359979947408,0.0,1.0
2025-07-30,319.0400085449219,83931900,-0.6724793213012448,1.0,0.527089536190033,1.0,0.0
2025-07-31,308.2699890136719,85270900,-3.3757582882378623,2.0,-0.7854232788085938,0.0,2.0
2025-08-01,302.6300048828125,89121400,-1.829559909125389,1.0,-0.7505999803543091,0.0,1.0
2025-08-04,309.260009765625,78683900,2.190795617037322,3.0,-0.320182998975118,0.0,1.0
2025-08-05,308.7200012207031,57961300,-0.17461311772288823,3.0,-0.3892626166343689,1.0,2.0
2025-08-06,319.9100036621094,78523600,3.624644466558724,2.0,0.0,0.0,0.0
2025-08-07,322.2699890136719,66658700,0.7377028928595486,2.0,0.0,0.0,0.0
2025-08-08,329.6499938964844,91200300,2.290006868278205,2.0,0.0,0.0,0.0
2025-08-11,339.0299987792969,105320200,2.845443669493286,3.0,-0.30243436495463055,0.0,1.0
2025-08-12,340.8399963378906,80522100,0.5338753399730889,1.0,0.0,0.0,0.0
2025-08-13,339.3800048828125,67838900,-0.42835097722239146,3.0,-0.45022491614023846,0.0,2.0
2025-08-14,335.5799865722656,75000700,-1.1196942235471519,2.0,0.0,0.0,0.0
2025-08-15,330.55999755859375,74319800,-1.4959143019665277,2.0,-0.44843748211860657,0.0,1.0
2025-08-18,335.1600036621094,56956600,1.3915797850586165,3.0,0.25351587931315106,1.0,0.0
2025-08-19,329.30999755859375,75956000,-1.7454368181154756,2.0,-0.7386517822742462,0.0,2.0
2025-08-20,323.8999938964844,77481800,-1.6428300696053943,1.0,0.0,0.0,0.0
2025-08-21,320.1099853515625,55744400,-1.170116892973183,2.0,0.23778149485588074,1.0,0.0
2025-08-22,340.010009765625,94016300,6.2166209505171155,1.0,0.0,0.0,0.0
2025-08-25,346.6000061035156,86670000,1.9381771561470362,3.0,-0.1023218830426534,1.0,1.0
2025-08-26,351.6700134277344,76651600,1.462783391499567,3.0,-0.18499086300532022,0.0,1.0
2025-08-27,349.6000061035156,65519000,-0.5886220733017145,3.0,-0.6100815137227377,0.0,2.0
2025-08-28,345.9800109863281,67903200,-1.0354676927882056,2.0,-0.2031196653842926,1.0,1.0
2025-08-29,333.8699951171875,81145700,-3.5002067994093333,1.0,0.0,0.0,0.0
2025-09-02,329.3599853515625,58392000,-1.350828116207925,3.0,-0.26289381583531696,0.0,1.0
2025-09-03,334.0899963378906,88733300,1.436121932444001,0.0,0.0,0.0,0.0
2025-09-04,338.5299987792969,60711000,1.328983953448204,3.0,0.29752177000045776,1.0,0.0
2025-09-05,350.8399963378906,108989800,3.6363092201525005,1.0,0.7666683197021484,1.0,0.0
2025-09-08,346.3999938964844,75208300,-1.265534855703887,3.0,-0.5639238357543945,0.0,2.0
2025-09-09,346.9700012207031,53816000,0.1645517708609212,1.0,0.0,0.0,0.0
2025-09-10,347.7900085449219,72121700,0.23633378140295314,2.0,0.0,0.0,0.0
2025-09-11,368.80999755859375,103756000,6.043873744853956,2.0,-0.07652440667152405,1.0,1.0
2025-09-12,395.94000244140625,168156400,7.356092584909457,1.0,0.0,0.0,0.0
2025-09-15,410.0400085449219,163823700,3.561147147692467,3.0,0.3126246730486552,1.0,0.0
2025-09-16,421.6199951171875,104285700,2.8241113869250656,3.0,0.3138365149497986,1.0,0.0
2025-09-17,425.8599853515625,106133500,1.005642588937583,3.0,-0.0599477489789327,1.0,1.0
2025-09-18,416.8500061035156,90454500,-2.1157139806429193,2.0,0.0,0.0,0.0
2025-09-19,426.07000732421875,93131000,2.2118270566640064,1.0,0.0,0.0,0.0
2025-09-22,434.2099914550781,97108800,1.9104804353584193,2.0,0.8975854814052582,2.0,0.0
2025-09-23,425.8500061035156,83422700,-1.9253323313789705,2.0,0.39319950342178345,1.0,0.0
2025-09-24,442.7900085449219,93133600,3.977927016229388,1.0,-0.6904654502868652,0.0,1.0
2025-09-25,423.3900146484375,96746400,-4.381307961359793,2.0,-0.7132779955863953,0.0,2.0
2025-09-26,440.3999938964844,101628200,4.01756741055197,2.0,0.3103017508983612,1.0,0.0
2025-09-29,443.2099914550781,79491500,0.638055766924972,3.0,0.310895303885142,1.0,0.0
2025-09-30,444.7200012207031,74358000,0.34069849388267404,2.0,0.0,0.0,0.0
2025-10-01,459.4599914550781,98122300,3.3144428390707636,3.0,0.29825560251871747,1.0,0.0
2025-10-02,436.0,137009000,-5.105992228133283,1.0,-0.6379486322402954,0.0,1.0
2025-10-03,429.8299865722656,133188200,-1.4151406944344913,0.0,0.0,0.0,0.0
2025-10-06,453.25,85324900,5.4486690457546505,3.0,-0.11810870965321858,1.0,1.0
2025-10-07,433.0899963378906,102296100,-4.447877255843213,2.0,0.45422035455703735,1.0,0.0
2025-10-08,438.69000244140625,71192100,1.2930352007360923,2.0,0.0,0.0,0.0
2025-10-09,435.5400085449219,69339900,-0.7180455170972544,2.0,0.0,0.0,0.0
2025-10-10,413.489990234375,112107900,-5.062684914805626,1.0,0.0,0.0,0.0
2025-10-13,435.8999938964844,79552800,5.419720958518703,0.0,0.0,0.0,0.0
2025-10-14,429.239990234375,72669400,-1.5278742269702716,3.0,-0.47096147139867145,0.0,2.0
2025-10-15,435.1499938964844,71558200,1.3768529951932784,0.0,0.0,0.0,0.0
2025-10-16,428.75,77189900,-1.470755828163206,3.0,-0.5008262991905212,0.0,2.0
2025-10-17,439.30999755859375,89331600,2.462973191508744,0.0,0.0,0.0,0.0
2025-10-20,447.42999267578125,63719000,1.8483519979771268,3.0,-0.6830702126026154,0.0,3.0
2025-10-21,442.6000061035156,54412200,-1.0794954856246153,1.0,-0.9366917014122009,0.0,1.0
2025-10-22,438.9700012207031,84023500,-0.8201547294971134,3.0,-0.32420027256011963,0.0,1.0
2025-10-23,448.9800109863281,126709800,2.280340282431337,0.0,0.0,0.0,0.0
2025-10-24,433.7200012207031,94727800,-3.398817183887881,3.0,-0.17481493949890137,0.0,1.0
2025-10-27,452.4200134277344,105867500,4.311540199760255,3.0,-0.3032940626144409,0.0,1.0
2025-10-28,460.54998779296875,80185700,1.7969970655449252,2.0,-0.7891842126846313,0.0,2.0
2025-10-29,461.510009765625,67983500,0.20845119924046696,2.0,-0.871911883354187,0.0,2.0
2025-10-30,440.1000061035156,72447900,-4.639120107705208,2.0,0.3996078670024872,1.0,0.0
2025-10-31,456.55999755859375,83135800,3.740057084027071,2.0,0.0,0.0,0.0
2025-11-03,468.3699951171875,84595200,2.586735066967427,3.0,0.0,0.0,0.0
2025-11-04,444.260009765625,87756600,-5.147636612701911,2.0,0.0,0.0,0.0
2025-11-05,462.07000732421875,85573000,4.008913061517649,2.0,0.6953592896461487,2.0,0.0
2025-11-06,445.9100036621094,109622900,-3.4973063401560367,2.0,0.35937511920928955,1.0,0.0
2025-11-07,429.5199890136719,103471500,-3.675632866235745,1.0,0.0,0.0,0.0
2025-11-10,445.2300109863281,76515900,3.6575764515015763,3.0,-0.30694297949473065,0.0,1.0
2025-11-11,439.6199951171875,60533200,-1.260026442672324,2.0,0.0,0.0,0.0
2025-11-12,430.6000061035156,58513500,-2.051769508633805,2.0,-0.08814913034439087,1.0,1.0
2025-11-13,401.989990234375,118948000,-6.644220962287406,3.0,-0.32357078790664673,0.0,1.0
2025-11-14,404.3500061035156,105506700,0.5870832424868633,0.0,0.0,0.0,0.0
2025-11-17,408.9200134277344,102214300,1.1302107716671506,3.0,0.06284987926483154,1.0,1.0
2025-11-18,401.25,80688600,-1.8756757252943457,0.0,0.0,0.0,0.0
2025-11-19,403.989990234375,72047700,0.6828636098130891,0.0,0.0,0.0,0.0
2025-11-20,395.2300109863281,113548800,-2.168365419886953,3.0,-0.22862968842188516,0.0,1.0
2025-11-21,391.0899963378906,100460600,-1.0474950113494086,2.0,-0.4698571562767029,0.0,1.0
2025-11-24,417.7799987792969,96806400,6.82451678419993,3.0,-0.0890035629272461,1.0,1.0
2025-11-25,419.3999938964844,71915600,0.38776272725380423,2.0,0.9502629339694977,2.0,0.0
2025-11-26,426.5799865722656,63463000,1.7119677587676296,2.0,0.2949141263961792,1.0,0.0
2025-11-28,430.1700134277344,36252900,0.8415835173881447,3.0,-0.21899084250132242,0.0,1.0
2025-12-01,430.1400146484375,57463600,-0.006973703038437584,3.0,-0.7142846385637919,0.0,3.0
2025-12-02,429.239990234375,69336600,-0.20923987153301793,2.0,0.0,0.0,0.0
2025-12-03,446.739990234375,87483000,4.076973347810542,2.0,-0.45770901441574097,0.0,1.0
2025-12-04,454.5299987792969,71906500,1.7437455153354264,2.0,0.0,0.0,0.0
2025-12-05,455.0,56427500,0.10340378456106247,1.0,0.8669540882110596,1.0,0.0
2025-12-08,439.5799865722656,69165800,-3.3890139401614006,3.0,-0.24734145402908325,1.0,2.0
2025-12-09,445.1700134277344,62367400,1.271674558948499,2.0,0.0,0.0,0.0
2025-12-10,451.45001220703125,63257500,1.4106967203253218,3.0,0.0,0.0,0.0
2025-12-11,446.8900146484375,55979500,-1.0100780674035192,3.0,-0.11807698011398315,1.0,1.0
2025-12-12,458.9599914550781,95656700,2.7008830833098685,0.0,0.0,0.0,0.0
2025-12-15,475.30999755859375,114542200,3.5624033484225714,3.0,0.2209694782892863,1.0,0.0
2025-12-16,489.8800048828125,107608100,3.0653694218629735,2.0,0.4681312143802643,1.0,0.0
2025-12-17,467.260009765625,106490400,-4.617456293730249,1.0,0.9430209398269653,1.0,0.0
2025-12-18,483.3699951171875,95168400,3.4477560704677446,3.0,-0.13923853635787964,1.0,2.0
2025-12-19,481.20001220703125,103305400,-0.448927929345333,0.0,0.0,0.0,0.0
2025-12-22,488.7300109863281,86916100,1.564837611861325,3.0,0.05507419506708781,1.0,1.0
2025-12-23,485.55999755859375,58223600,-0.648622625268469,3.0,-0.2843778729438782,0.0,1.0
2025-12-24,485.3999938964844,41285400,-0.032952397832164415,1.0,0.0,0.0,0.0
2025-12-26,475.19000244140625,58780700,-2.1034181259704576,3.0,0.0,0.0,0.0
2025-12-29,459.6400146484375,66263000,-3.2723726747357573,3.0,-0.31332361698150635,0.0,1.0
