Quarter,Start_Date,End_Date,Start_Close,End_Close,Trading_Days,Total_Volume,article_count,positive_count,negative_count,Period_Return_pct,Mean_Sentiment
2023Q1,2023-01-03,2023-03-31,108.0999984741211,207.4600067138672,62,10833964400,127.0,14.0,37.0,91.91490253677725,-0.15405375563253568
2023Q2,2023-04-03,2023-06-30,194.77000427246094,261.7699890136719,62,8630471700,131.0,12.0,36.0,34.39953959619246,-0.15967100995187541
2023Q3,2023-07-03,2023-09-29,279.82000732421875,250.22000122070312,63,7335888800,137.0,16.0,29.0,-10.57823076575758,-0.08345689477711699
2023Q4,2023-10-02,2023-12-29,251.60000610351562,248.47999572753906,63,7537585100,135.0,8.0,51.0,-1.240067686919255,-0.26660818258921304
2024Q1,2024-01-02,2024-03-28,248.4199981689453,175.7899932861328,61,6263636300,127.0,7.0,45.0,-29.23677860806453,-0.2381710834859863
2024Q2,2024-04-01,2024-06-28,175.22000122070312,197.8800048828125,63,5554648900,133.0,22.0,41.0,12.932315662734961,-0.1279507348860117
2024Q3,2024-07-01,2024-09-30,209.86000061035156,261.6300048828125,64,6175635600,135.0,12.0,44.0,24.668828801055163,-0.2133235847508466
2024Q4,2024-10-01,2024-12-31,258.0199890136719,403.8399963378906,64,5905625700,133.0,24.0,27.0,56.515004082296926,-0.007573340844390984
2025Q1,2025-01-02,2025-03-31,379.2799987792969,259.1600036621094,60,5811328000,128.0,9.0,60.0,-31.670532457232305,-0.3418993290979415
2025Q2,2025-04-01,2025-06-30,268.4599914550781,317.6600036621094,62,7582132400,129.0,17.0,44.0,18.326757719227583,-0.19539424615312917
2025Q3,2025-07-01,2025-09-30,300.7099914550781,444.7200012207031,64,5734206300,133.0,22.0,41.0,47.889998289976376,-0.14139258951172792
2025Q4,2025-10-01,2025-12-29,459.4599914550781,459.6400146484375,62,5188156800,122.0,21.0,37.0,0.039181473187532845,-0.10360876727299612
