Week,Start_Date,End_Date,Start_Close,End_Close,Trading_Days,Total_Volume,article_count,positive_count,negative_count,Period_Return_pct,Mean_Sentiment
2022-12-31/2023-01-06,2023-01-03,2023-01-06,108.0999984741211,113.05999755859375,4,790689200,9.0,0.0,6.0,4.588343343649592,-0.4944006535742018
2023-01-07/2023-01-13,2023-01-09,2023-01-13,119.7699966430664,122.4000015258789,5,891852300,10.0,1.0,5.0,2.1958795662742947,-0.33769680857658385
2023-01-14/2023-01-20,2023-01-17,2023-01-20,131.49000549316406,133.4199981689453,4,691307300,10.0,0.0,3.0,1.4677865960554648,-0.27631263732910155
2023-01-21/2023-01-27,2023-01-23,2023-01-27,143.75,177.89999389648438,5,1095958300,10.0,3.0,2.0,23.75651749320653,0.1242787003517151
2023-01-28/2023-02-03,2023-01-30,2023-02-03,166.66000366210938,189.97999572753906,5,1091608900,11.0,1.0,6.0,13.992554633989585,-0.3811181892048229
2023-02-04/2023-02-10,2023-02-06,2023-02-10,194.75999450683594,196.88999938964844,5,973057500,9.0,2.0,0.0,1.0936562656032267,0.17628434631559584
2023-02-11/2023-02-17,2023-02-13,2023-02-17,194.63999938964844,208.30999755859375,5,1013262600,11.0,2.0,2.0,7.023221440511529,-0.026230140165849167
2023-02-18/2023-02-24,2023-02-21,2023-02-24,197.3699951171875,196.8800048828125,4,660435200,6.0,0.0,1.0,-0.24825973881392738,-0.14450183510780334
2023-02-25/2023-03-03,2023-02-27,2023-03-03,207.6300048828125,197.7899932861328,5,806720000,10.0,3.0,2.0,-4.739205011449787,0.057229870557785036
2023-03-04/2023-03-10,2023-03-06,2023-03-10,193.80999755859375,173.44000244140625,5,789636400,10.0,0.0,2.0,-10.510291199518296,-0.1831490695476532
2023-03-11/2023-03-17,2023-03-13,2023-03-17,174.47999572753906,180.1300048828125,5,711837700,9.0,0.0,1.0,3.2381988156947594,-0.10075629419750637
2023-03-18/2023-03-24,2023-03-20,2023-03-24,183.25,190.41000366210938,5,693958500,12.0,0.0,3.0,3.907232557767726,-0.2301209270954132
2023-03-25/2023-03-31,2023-03-27,2023-03-31,191.80999755859375,207.4600067138672,5,623640500,10.0,2.0,4.0,8.159120668615149,-0.1529180347919464
2023-04-01/2023-04-07,2023-04-03,2023-04-06,194.77000427246094,185.05999755859375,4,553750100,8.0,1.0,1.0,-4.985370694084912,0.002692960202693939
2023-04-08/2023-04-14,2023-04-10,2023-04-14,184.50999450683594,185.0,5,617553500,10.0,3.0,5.0,0.2655712469526561,-0.20951380133628844
2023-04-15/2023-04-21,2023-04-17,2023-04-21,187.0399932861328,165.0800018310547,5,668971700,9.0,0.0,7.0,-11.740799959014026,-0.7186508244938321
2023-04-22/2023-04-28,2023-04-24,2023-04-28,162.5500030517578,164.30999755859375,5,664901000,11.0,1.0,4.0,1.0827403714508188,-0.23675150221044367
2023-04-29/2023-05-05,2023-05-01,2023-05-05,161.8300018310547,170.05999755859375,5,559718500,12.0,1.0,4.0,5.085580939516343,-0.20144451161225638
2023-05-06/2023-05-12,2023-05-08,2023-05-12,171.7899932861328,167.97999572753906,5,582794600,11.0,2.0,2.0,-2.217822753067944,0.014011827382174406
2023-05-13/2023-05-19,2023-05-15,2023-05-19,166.35000610351562,180.13999938964844,5,575071900,10.0,1.0,4.0,8.28974618585323,-0.20177386403083802
2023-05-20/2023-05-26,2023-05-22,2023-05-26,188.8699951171875,193.1699981689453,5,685490800,10.0,1.0,1.0,2.2766999327181736,-0.027397739887237548
2023-05-27/2023-06-02,2023-05-30,2023-06-02,201.16000366210938,213.97000122070312,4,591958700,8.0,1.0,1.0,6.368063892119857,0.007623001933097839
2023-06-03/2023-06-09,2023-06-05,2023-06-09,217.61000061035156,244.39999389648438,5,848497600,10.0,1.0,2.0,12.3110119989855,-0.10698011517524719
2023-06-10/2023-06-16,2023-06-12,2023-06-16,249.8300018310547,260.5400085449219,5,811384500,12.0,0.0,3.0,4.28691775822414,-0.21934369206428528
2023-06-17/2023-06-23,2023-06-20,2023-06-23,274.45001220703125,256.6000061035156,4,721745000,9.0,0.0,0.0,-6.503918859384306,0.0
2023-06-24/2023-06-30,2023-06-26,2023-06-30,241.0500030517578,261.7699890136719,5,748633800,11.0,0.0,2.0,8.59572109503981,-0.14321113716472278
2023-07-01/2023-07-07,2023-07-03,2023-07-07,279.82000732421875,274.42999267578125,4,485428100,8.0,3.0,2.0,-1.92624348057866,0.06596165150403976
2023-07-08/2023-07-14,2023-07-10,2023-07-14,269.6099853515625,281.3800048828125,5,539813800,12.0,0.0,1.0,4.365572556929709,-0.081169992685318
2023-07-15/2023-07-21,2023-07-17,2023-07-21,290.3800048828125,260.0199890136719,5,722999700,11.0,1.0,6.0,-10.455270803302351,-0.3649700609120456
2023-07-22/2023-07-28,2023-07-24,2023-07-28,269.05999755859375,266.44000244140625,5,560265300,12.0,1.0,4.0,-0.9737586935854137,-0.17735876142978668
2023-07-29/2023-08-04,2023-07-31,2023-08-04,267.42999267578125,253.86000061035156,5,466610100,10.0,2.0,2.0,-5.074222202848155,-0.021416175365447997
2023-08-05/2023-08-11,2023-08-07,2023-08-11,251.4499969482422,242.64999389648438,5,517873600,10.0,0.0,0.0,-3.4997029861047024,0.0
2023-08-12/2023-08-18,2023-08-14,2023-08-18,239.75999450683594,215.49000549316406,5,556272400,11.0,1.0,1.0,-10.122618272323948,0.012201244180852716
2023-08-19/2023-08-25,2023-08-21,2023-08-25,231.27999877929688,238.58999633789062,5,573612700,12.0,3.0,2.0,3.1606700091560747,0.07823716600735982
2023-08-26/2023-09-01,2023-08-28,2023-09-01,238.82000732421875,245.00999450683594,5,605113000,12.0,2.0,3.0,2.5919047788210525,-0.11443962653477986
2023-09-02/2023-09-08,2023-09-05,2023-09-08,256.489990234375,248.5,4,480110000,8.0,0.0,1.0,-3.1151275053946215,-0.11518288403749466
2023-09-09/2023-09-15,2023-09-11,2023-09-15,273.5799865722656,274.3900146484375,5,663743600,11.0,1.0,3.0,0.29608455147647206,-0.10205941850488837
2023-09-16/2023-09-22,2023-09-18,2023-09-22,265.2799987792969,244.8800048828125,5,575237500,10.0,2.0,1.0,-7.6899856718773645,0.03257070183753967
2023-09-23/2023-09-29,2023-09-25,2023-09-29,246.99000549316406,250.22000122070312,5,588809000,10.0,0.0,3.0,1.3077434939481547,-0.26114848256111145
2023-09-30/2023-10-06,2023-10-02,2023-10-06,251.60000610351562,260.5299987792969,5,592798300,11.0,1.0,4.0,3.549281581538266,-0.20834318074313077
2023-10-07/2023-10-13,2023-10-09,2023-10-13,259.6700134277344,251.1199951171875,5,541322100,10.0,1.0,2.0,-3.2926475405009814,-0.08124820590019226
2023-10-14/2023-10-20,2023-10-16,2023-10-20,253.9199981689453,211.99000549316406,5,616410700,12.0,0.0,7.0,-16.513072218866032,-0.5302438884973526
2023-10-21/2023-10-27,2023-10-23,2023-10-27,212.0800018310547,207.3000030517578,5,585973400,11.0,1.0,4.0,-2.2538658704391534,-0.2708961042490872
2023-10-28/2023-11-03,2023-10-30,2023-11-03,197.36000061035156,219.9600067138672,5,621700600,9.0,1.0,4.0,11.451158306456888,-0.3447285360760159
2023-11-04/2023-11-10,2023-11-06,2023-11-10,219.27000427246094,214.64999389648438,5,613925200,10.0,1.0,2.0,-2.1069960714899305,-0.11977197527885437
2023-11-11/2023-11-17,2023-11-13,2023-11-17,223.7100067138672,234.3000030517578,5,719922800,12.0,2.0,3.0,4.733805381998657,-0.11876183251539867
2023-11-18/2023-11-24,2023-11-20,2023-11-24,235.60000610351562,235.4499969482422,4,421683900,11.0,0.0,9.0,-0.06367111688763138,-0.6059235605326566
2023-11-25/2023-12-01,2023-11-27,2023-12-01,236.0800018310547,238.8300018310547,5,649667900,11.0,0.0,4.0,1.164859360670456,-0.2496508305723017
2023-12-02/2023-12-08,2023-12-04,2023-12-08,235.5800018310547,243.83999633789062,5,578776200,10.0,0.0,3.0,3.506237559485026,-0.23572875261306764
2023-12-09/2023-12-15,2023-12-11,2023-12-15,239.74000549316406,253.5,5,636290500,10.0,0.0,2.0,5.7395487576345605,-0.13929737508296966
2023-12-16/2023-12-22,2023-12-18,2023-12-22,252.0800018310547,252.5399932861328,5,551215200,10.0,0.0,3.0,0.18247836073344015,-0.245124351978302
2023-12-23/2023-12-29,2023-12-26,2023-12-29,256.6099853515625,248.47999572753906,4,407898300,8.0,1.0,4.0,-3.1682280846885735,-0.2758527658879757
2023-12-30/2024-01-05,2024-01-02,2024-01-05,248.4199981689453,237.49000549316406,4,420855000,8.0,2.0,3.0,-4.3998038629514795,-0.05750245600938797
2024-01-06/2024-01-12,2024-01-08,2024-01-12,240.4499969482422,218.88999938964844,5,502418200,10.0,1.0,4.0,-8.966520204712092,-0.23020269274711608
2024-01-13/2024-01-19,2024-01-16,2024-01-19,219.91000366210938,212.19000244140625,4,429375100,8.0,0.0,3.0,-3.5105275304187056,-0.2658676654100418
2024-01-20/2024-01-26,2024-01-22,2024-01-26,208.8000030517578,183.25,5,653348300,12.0,0.0,5.0,-12.236591321037682,-0.3449397881825765
2024-01-27/2024-02-02,2024-01-29,2024-02-02,190.92999267578125,187.91000366210938,5,540672800,10.0,0.0,3.0,-1.5817258312056381,-0.2574924945831299
2024-02-03/2024-02-09,2024-02-05,2024-02-09,181.05999755859375,193.57000732421875,5,536015900,8.0,0.0,2.0,6.909317317082464,-0.2392496019601822
2024-02-10/2024-02-16,2024-02-12,2024-02-16,188.1300048828125,199.9499969482422,5,495639600,11.0,0.0,5.0,6.2828851106406125,-0.29770205508578906
2024-02-17/2024-02-23,2024-02-20,2024-02-23,193.75999450683594,191.97000122070312,4,379627500,8.0,0.0,2.0,-0.9238198476877346,-0.2138848528265953
2024-02-24/2024-03-01,2024-02-26,2024-03-01,199.39999389648438,202.63999938964844,5,488348800,11.0,1.0,4.0,1.6248774284547185,-0.2179857221516696
2024-03-02/2024-03-08,2024-03-04,2024-03-08,188.13999938964844,175.33999633789062,5,549590200,11.0,1.0,5.0,-6.803445887787152,-0.321760123426264
2024-03-09/2024-03-15,2024-03-11,2024-03-15,177.77000427246094,163.57000732421875,5,502780200,12.0,1.0,4.0,-7.9878475597482845,-0.22237026691436768
2024-03-16/2024-03-22,2024-03-18,2024-03-22,173.8000030517578,170.8300018310547,5,418091100,10.0,1.0,3.0,-1.708861431848574,-0.15148863196372986
2024-03-23/2024-03-29,2024-03-25,2024-03-28,172.6300048828125,175.7899932861328,4,346873600,8.0,0.0,2.0,1.8304977778720533,-0.20302565395832062
2024-03-30/2024-04-05,2024-04-01,2024-04-05,175.22000122070312,164.89999389648438,5,547482400,9.0,1.0,5.0,-5.8897427532944135,-0.3860551251305474
2024-04-06/2024-04-12,2024-04-08,2024-04-12,172.97999572753906,171.0500030517578,5,451146100,12.0,1.0,3.0,-1.1157317166438085,-0.15790870785713196
2024-04-13/2024-04-19,2024-04-15,2024-04-19,161.47999572753906,147.0500030517578,5,462858300,10.0,2.0,5.0,-8.936086857550208,-0.208432075381279
2024-04-20/2024-04-26,2024-04-22,2024-04-26,142.0500030517578,168.2899932861328,5,649063900,11.0,5.0,2.0,18.47236161256125,0.18666137348521838
2024-04-27/2024-05-03,2024-04-29,2024-05-03,194.0500030517578,181.19000244140625,5,628370700,11.0,1.0,4.0,-6.627158159292323,-0.24156282706694168
2024-05-04/2024-05-10,2024-05-06,2024-05-10,184.75999450683594,168.47000122070312,5,377983200,10.0,2.0,0.0,-8.81684010091811,0.14638019800186158
2024-05-11/2024-05-17,2024-05-13,2024-05-17,171.88999938964844,177.4600067138672,5,370347300,10.0,2.0,6.0,3.240448742798807,-0.3090763330459595
2024-05-18/2024-05-24,2024-05-20,2024-05-24,174.9499969482422,179.24000549316406,5,402867400,10.0,0.0,3.0,2.452134106747672,-0.27708486914634706
2024-05-25/2024-05-31,2024-05-28,2024-05-31,176.75,178.0800018310547,4,259452200,8.0,1.0,4.0,0.7524762834821397,-0.34871135652065277
2024-06-01/2024-06-07,2024-06-03,2024-06-07,176.2899932861328,177.47999572753906,5,312710900,12.0,0.0,3.0,0.6750255185924203,-0.20788301527500153
2024-06-08/2024-06-14,2024-06-10,2024-06-14,173.7899932861328,178.00999450683594,5,406948200,11.0,3.0,2.0,2.4282187604180328,0.03365293416109952
2024-06-15/2024-06-21,2024-06-17,2024-06-21,187.44000244140625,183.00999450683594,4,296598800,9.0,1.0,4.0,-2.363427164356302,-0.2307932178179423
2024-06-22/2024-06-28,2024-06-24,2024-06-28,182.5800018310547,197.8800048828125,5,388819500,10.0,3.0,0.0,8.379889855579714,0.24292433857917786
2024-06-29/2024-07-05,2024-07-01,2024-07-05,209.86000061035156,251.52000427246094,4,661802000,10.0,0.0,1.0,19.851331145023575,-0.09726250767707825
2024-07-06/2024-07-12,2024-07-08,2024-07-12,252.94000244140625,248.22999572753906,5,823613000,10.0,2.0,5.0,-1.86210432055256,-0.33018274903297423
2024-07-13/2024-07-19,2024-07-15,2024-07-19,252.63999938964844,239.1999969482422,5,587103100,9.0,1.0,1.0,-5.31982365178747,-0.0529260171784295
2024-07-20/2024-07-26,2024-07-22,2024-07-26,251.50999450683594,219.8000030517578,5,576337100,12.0,1.0,3.0,-12.607845472405776,-0.1314461330572764
2024-07-27/2024-08-02,2024-07-29,2024-08-02,232.10000610351562,207.6699981689453,5,464001100,9.0,1.0,3.0,-10.525638643746793,-0.17089245385593838
2024-08-03/2024-08-09,2024-08-05,2024-08-09,198.8800048828125,200.0,5,368934700,9.0,0.0,4.0,0.5631511915174414,-0.39594127072228325
2024-08-10/2024-08-16,2024-08-12,2024-08-16,197.49000549316406,216.1199951171875,5,389155900,10.0,0.0,2.0,9.433383516042436,-0.16290369033813476
2024-08-17/2024-08-23,2024-08-19,2024-08-23,222.72000122070312,220.32000732421875,5,381622100,12.0,1.0,6.0,-1.0775834605470047,-0.3659181594848633
2024-08-24/2024-08-30,2024-08-26,2024-08-30,213.2100067138672,214.11000061035156,5,311918400,11.0,2.0,5.0,0.42211616159844034,-0.25188176469369367
2024-08-31/2024-09-06,2024-09-03,2024-09-06,210.60000610351562,210.72999572753906,4,388898000,8.0,1.0,0.0,0.06172346640842541,0.08570455014705658
2024-09-07/2024-09-13,2024-09-09,2024-09-13,216.27000427246094,230.2899932861328,5,361293200,11.0,1.0,4.0,6.482632235956887,-0.2465944452719255
2024-09-14/2024-09-20,2024-09-16,2024-09-20,226.77999877929688,238.25,5,401668500,12.0,1.0,6.0,5.057765800530656,-0.34339570502440137
2024-09-21/2024-09-27,2024-09-23,2024-09-27,250.0,260.4599914550781,5,378582800,9.0,1.0,2.0,4.1839965820312575,-0.12125029828813341
2024-09-28/2024-10-04,2024-09-30,2024-10-04,261.6300048828125,250.0800018310547,5,429389600,10.0,3.0,2.0,-4.414632433665711,0.07057929039001465
2024-10-05/2024-10-11,2024-10-07,2024-10-11,240.8300018310547,217.8000030517578,5,416422000,10.0,0.0,3.0,-9.562761534774522,-0.24663167595863342
2024-10-12/2024-10-18,2024-10-14,2024-10-18,219.16000366210938,220.6999969482422,5,299317200,10.0,0.0,3.0,0.7026798961488945,-0.21785109341144562
2024-10-19/2024-10-25,2024-10-21,2024-10-25,218.85000610351562,269.19000244140625,5,537640400,11.0,4.0,2.0,23.002053888031384,0.14627180316231467
2024-10-26/2024-11-01,2024-10-28,2024-11-01,262.510009765625,248.97999572753906,5,366289100,11.0,1.0,3.0,-5.154094523925334,-0.16535801237279718
2024-11-02/2024-11-08,2024-11-04,2024-11-08,242.83999633789062,321.2200012207031,5,625405600,9.0,4.0,0.0,32.27639847834356,0.3691089087062412
2024-11-09/2024-11-15,2024-11-11,2024-11-15,350.0,320.7200012207031,5,726819600,11.0,3.0,2.0,-8.365713936941965,0.08912056684494019
2024-11-16/2024-11-22,2024-11-18,2024-11-22,338.739990234375,352.55999755859375,5,428431200,9.0,0.0,4.0,4.079827514506529,-0.31138936016294694
2024-11-23/2024-11-29,2024-11-25,2024-11-29,338.5899963378906,345.1600036621094,4,253250800,10.0,1.0,1.0,1.940402077816361,0.010795778036117554
2024-11-30/2024-12-06,2024-12-02,2024-12-06,357.0899963378906,389.2200012207031,5,349924000,11.0,0.0,5.0,8.997733123951758,-0.3388904495672746
2024-12-07/2024-12-13,2024-12-09,2024-12-13,389.7900085449219,436.2300109863281,5,474962800,11.0,4.0,0.0,11.91410796155752,0.334193690256639
2024-12-14/2024-12-20,2024-12-16,2024-12-20,463.0199890136719,421.05999755859375,5,645429900,9.0,0.0,2.0,-9.062241901145907,-0.15182263321346706
2024-12-21/2024-12-27,2024-12-23,2024-12-27,430.6000061035156,431.6600036621094,4,291283100,9.0,2.0,2.0,0.24616756701552056,-0.011602461338043213
2024-12-28/2025-01-03,2024-12-30,2025-01-03,417.4100036621094,410.44000244140625,4,346900100,10.0,2.0,1.0,-1.6698213170629472,0.07411129474639892
2025-01-04/2025-01-10,2025-01-06,2025-01-10,411.04998779296875,394.739990234375,4,296542100,10.0,1.0,1.0,-3.967886642246665,0.017304396629333495
2025-01-11/2025-01-17,2025-01-13,2025-01-17,403.30999755859375,426.5,5,396847600,9.0,1.0,3.0,5.749920056974833,-0.1506001287036472
2025-01-18/2025-01-24,2025-01-21,2025-01-24,424.07000732421875,406.5799865722656,4,255401900,9.0,1.0,5.0,-4.124323920550532,-0.3313538796371884
2025-01-25/2025-01-31,2025-01-27,2025-01-31,397.1499938964844,404.6000061035156,5,356446300,9.0,2.0,3.0,1.8758686444731776,-0.11595393551720513
2025-02-01/2025-02-07,2025-02-03,2025-02-07,383.67999267578125,361.6199951171875,5,356244100,10.0,0.0,5.0,-5.749582459264424,-0.42694197297096254
2025-02-08/2025-02-14,2025-02-10,2025-02-14,350.7300109863281,355.8399963378906,5,459159800,11.0,0.0,6.0,1.4569569730266574,-0.45404987985437567
2025-02-15/2025-02-21,2025-02-18,2025-02-21,354.1099853515625,337.79998779296875,4,238750100,8.0,1.0,1.0,-4.605912917818767,-0.03122202306985855
2025-02-22/2025-02-28,2025-02-24,2025-02-28,330.5299987792969,292.9800109863281,5,527844600,9.0,1.0,7.0,-11.360538508349382,-0.626137720213996
2025-03-01/2025-03-07,2025-03-03,2025-03-07,284.6499938964844,262.6700134277344,5,537122100,11.0,0.0,8.0,-7.721756873370323,-0.6590707139535383
2025-03-08/2025-03-14,2025-03-10,2025-03-14,222.14999389648438,249.97999572753906,5,721244800,11.0,0.0,7.0,12.527572629159135,-0.5400972312146967
2025-03-15/2025-03-21,2025-03-17,2025-03-21,238.00999450683594,248.7100067138672,5,567129000,11.0,0.0,7.0,4.495614660721281,-0.49271005392074585
2025-03-22/2025-03-28,2025-03-24,2025-03-28,278.3900146484375,263.54998779296875,5,759452700,12.0,2.0,4.0,-5.330660610873328,-0.1575194795926412
2025-03-29/2025-04-04,2025-03-31,2025-04-04,259.1600036621094,239.42999267578125,5,810687300,11.0,0.0,8.0,-7.6130617022416525,-0.6691656871275469
2025-04-05/2025-04-11,2025-04-07,2025-04-11,233.2899932861328,252.30999755859375,5,885161400,10.0,1.0,4.0,8.152944755385505,-0.33314023315906527
2025-04-12/2025-04-18,2025-04-14,2025-04-17,252.35000610351562,241.3699951171875,4,375513000,7.0,2.0,0.0,-4.351103911534704,0.15327795488493784
2025-04-19/2025-04-25,2025-04-21,2025-04-25,227.5,284.95001220703125,5,631033300,11.0,1.0,4.0,25.252752618475284,-0.2904229082844474
2025-04-26/2025-05-02,2025-04-28,2025-05-02,285.8800048828125,287.2099914550781,5,603713200,10.0,1.0,1.0,0.4652254615746143,-0.004073953628540039
2025-05-03/2025-05-09,2025-05-05,2025-05-09,280.260009765625,298.260009765625,5,472854500,10.0,0.0,5.0,6.422607354881982,-0.4003524363040924
2025-05-10/2025-05-16,2025-05-12,2025-05-16,318.3800048828125,349.9800109863281,5,580594900,10.0,2.0,2.0,9.925248325549463,-0.013325607776641846
2025-05-17/2025-05-23,2025-05-19,2025-05-23,342.0899963378906,339.3399963378906,5,504708400,9.0,3.0,0.0,-0.80388202795727,0.2829730047119988
2025-05-24/2025-05-30,2025-05-27,2025-05-30,362.8900146484375,346.4599914550781,4,423113400,8.0,2.0,2.0,-4.527548990091812,0.01570870727300644
2025-05-31/2025-06-06,2025-06-02,2025-06-06,342.69000244140625,295.1400146484375,5,732357900,12.0,2.0,5.0,-13.875510652254563,-0.19471764316161475
2025-06-07/2025-06-13,2025-06-09,2025-06-13,308.5799865722656,325.30999755859375,5,648868600,10.0,1.0,4.0,5.421612455223235,-0.24235472679138184
2025-06-14/2025-06-20,2025-06-16,2025-06-20,329.1300048828125,322.1600036621094,4,376034300,10.0,0.0,4.0,-2.117704590070668,-0.32068143486976625
2025-06-21/2025-06-27,2025-06-23,2025-06-27,348.67999267578125,323.6300048828125,5,594806000,11.0,2.0,4.0,-7.184234346437357,-0.18074385686354202
2025-06-28/2025-07-04,2025-06-30,2025-07-03,317.6600036621094,315.3500061035156,4,399306800,9.0,0.0,6.0,-0.7271918189143078,-0.6387727724181281
2025-07-05/2025-07-11,2025-07-07,2025-07-11,293.94000244140625,313.510009765625,5,493613100,10.0,1.0,6.0,6.657823760520598,-0.4669435203075409
2025-07-12/2025-07-18,2025-07-14,2025-07-18,316.8999938964844,329.6499938964844,5,421062400,11.0,2.0,1.0,4.023351292384314,0.04183946414427324
2025-07-19/2025-07-25,2025-07-21,2025-07-25,328.489990234375,316.05999755859375,5,550886000,10.0,1.0,3.0,-3.783979130357229,-0.20756542086601257
2025-07-26/2025-08-01,2025-07-28,2025-08-01,325.5899963378906,302.6300048828125,5,458356900,10.0,2.0,6.0,-7.051811085513426,-0.3752534031867981
2025-08-02/2025-08-08,2025-08-04,2025-08-08,309.260009765625,329.6499938964844,5,373027800,12.0,1.0,3.0,6.593152521178558,-0.17736140390237173
2025-08-09/2025-08-15,2025-08-11,2025-08-15,339.0299987792969,330.55999755859375,5,403001700,11.0,0.0,4.0,-2.4983043539509753,-0.2868048006838018
2025-08-16/2025-08-22,2025-08-18,2025-08-22,335.1600036621094,340.010009765625,5,360155100,9.0,2.0,2.0,1.4470718613564415,-0.02679921521080865
2025-08-23/2025-08-29,2025-08-25,2025-08-29,346.6000061035156,333.8699951171875,5,377889500,12.0,2.0,5.0,-3.6728248015454934,-0.25820184250672656
2025-08-30/2025-09-05,2025-09-02,2025-09-05,329.3599853515625,350.8399963378906,4,316826100,7.0,2.0,1.0,6.521742756151783,0.12436459745679583
2025-09-06/2025-09-12,2025-09-08,2025-09-12,346.3999938964844,395.94000244140625,5,473058400,9.0,1.0,3.0,14.301388400060432,-0.20498003562291464
2025-09-13/2025-09-19,2025-09-15,2025-09-19,410.0400085449219,426.07000732421875,5,557828400,12.0,3.0,1.0,3.9093743159798855,0.14162835975488028
2025-09-20/2025-09-26,2025-09-22,2025-09-26,434.2099914550781,440.3999938964844,5,472039700,9.0,4.0,3.0,1.4255780758666958,0.12057244777679443
2025-09-27/2025-10-03,2025-09-29,2025-10-03,443.2099914550781,429.8299865722656,5,522169000,9.0,2.0,1.0,-3.0188861128525923,0.132167120774587
2025-10-04/2025-10-10,2025-10-06,2025-10-10,453.25,413.489990234375,5,440260900,10.0,2.0,1.0,-8.772202926778816,0.055411458015441895
2025-10-11/2025-10-17,2025-10-13,2025-10-17,435.8999938964844,439.30999755859375,5,390301900,6.0,0.0,4.0,0.7822903670237746,-0.4858938852945964
2025-10-18/2025-10-24,2025-10-20,2025-10-24,447.42999267578125,433.7200012207031,5,423592300,10.0,0.0,6.0,-3.064164602173358,-0.448294797539711
2025-10-25/2025-10-31,2025-10-27,2025-10-31,452.4200134277344,456.55999755859375,5,409620400,11.0,1.0,5.0,0.9150753742065865,-0.312078058719635
2025-11-01/2025-11-07,2025-11-03,2025-11-07,468.3699951171875,429.5199890136719,5,471019200,10.0,3.0,0.0,-8.29472564607715,0.21094688177108764
2025-11-08/2025-11-14,2025-11-10,2025-11-14,445.2300109863281,404.3500061035156,5,420017300,10.0,1.0,3.0,-9.181772089498208,-0.2067839562892914
2025-11-15/2025-11-21,2025-11-17,2025-11-21,408.9200134277344,391.0899963378906,5,468960000,8.0,1.0,3.0,-4.360270102797193,-0.17963171750307083
2025-11-22/2025-11-28,2025-11-24,2025-11-28,417.7799987792969,430.1700134277344,4,268437900,10.0,4.0,2.0,2.9656792294125323,0.1566370904445648
2025-11-29/2025-12-05,2025-12-01,2025-12-05,430.1400146484375,455.0,5,342617200,10.0,1.0,4.0,5.779510044393588,-0.2191317856311798
2025-12-06/2025-12-12,2025-12-08,2025-12-12,439.5799865722656,458.9599914550781,5,346426900,11.0,2.0,3.0,4.408755055918934,-0.09965957294810902
2025-12-13/2025-12-19,2025-12-15,2025-12-19,475.30999755859375,481.20001220703125,5,527114500,9.0,4.0,2.0,1.2391943528836435,0.2360529104868571
2025-12-20/2025-12-26,2025-12-22,2025-12-26,488.7300109863281,475.19000244140625,4,245205800,10.0,1.0,2.0,-2.7704475355618485,-0.0687911033630371
2025-12-27/2026-01-02,2025-12-29,2025-12-29,459.6400146484375,459.6400146484375,1,66263000,3.0,0.0,1.0,0.0,-0.31332361698150635
